Source_Node_ID,Target_Node_ID,Declarations,Reciprocal,Edge_Weight,Source_School,Source_Class
SCH-BPRESEC_1ARTS1_001,SCH-BPRESEC_1ARTS1_002,1,0,1.0,SCH-BPRESEC,1ARTS1
SCH-BPRESEC_1ARTS1_001,SCH-BPRESEC_1ARTS1_004,1,0,1.0,SCH-BPRESEC,1ARTS1
SCH-BPRESEC_1ARTS1_001,SCH-BPRESEC_1ARTS1_005,2,1,1.0,SCH-BPRESEC,1ARTS1
SCH-BPRESEC_1ARTS1_001,SCH-BPRESEC_1ARTS1_008,1,0,1.0,SCH-BPRESEC,1ARTS1
SCH-BPRESEC_1ARTS1_001,SCH-BPRESEC_1ARTS1_010,1,0,1.0,SCH-BPRESEC,1ARTS1
SCH-BPRESEC_1ARTS1_002,SCH-BPRESEC_1ARTS1_004,1,0,1.0,SCH-BPRESEC,1ARTS1
SCH-BPRESEC_1ARTS1_002,SCH-BPRESEC_1ARTS1_007,2,1,1.0,SCH-BPRESEC,1ARTS1
SCH-BPRESEC_1ARTS1_002,SCH-BPRESEC_1ARTS1_008,2,1,1.0,SCH-BPRESEC,1ARTS1
SCH-BPRESEC_1ARTS1_002,SCH-BPRESEC_1ARTS1_010,1,0,1.0,SCH-BPRESEC,1ARTS1
SCH-BPRESEC_1ARTS1_002,SCH-BPRESEC_1ARTS1_011,1,0,1.0,SCH-BPRESEC,1ARTS1
SCH-BPRESEC_1ARTS1_002,SCH-BPRESEC_1ARTS1_026,1,0,1.0,SCH-BPRESEC,1ARTS1
SCH-BPRESEC_1ARTS1_004,SCH-BPRESEC_1ARTS1_005,2,1,1.0,SCH-BPRESEC,1ARTS1
SCH-BPRESEC_1ARTS1_004,SCH-BPRESEC_1ARTS1_007,1,0,1.0,SCH-BPRESEC,1ARTS1
SCH-BPRESEC_1ARTS1_004,SCH-BPRESEC_1ARTS1_008,1,0,1.0,SCH-BPRESEC,1ARTS1
SCH-BPRESEC_1ARTS1_004,SCH-BPRESEC_1ARTS1_011,1,0,1.0,SCH-BPRESEC,1ARTS1
SCH-BPRESEC_1ARTS1_004,SCH-BPRESEC_1ARTS1_013,1,0,1.0,SCH-BPRESEC,1ARTS1
SCH-BPRESEC_1ARTS1_004,SCH-BPRESEC_1ARTS1_019,1,0,1.0,SCH-BPRESEC,1ARTS1
SCH-BPRESEC_1ARTS1_005,SCH-BPRESEC_1ARTS1_008,1,0,1.0,SCH-BPRESEC,1ARTS1
SCH-BPRESEC_1ARTS1_005,SCH-BPRESEC_1ARTS1_010,1,0,1.0,SCH-BPRESEC,1ARTS1
SCH-BPRESEC_1ARTS1_005,SCH-BPRESEC_1ARTS1_014,1,0,1.0,SCH-BPRESEC,1ARTS1
SCH-BPRESEC_1ARTS1_005,SCH-BPRESEC_1ARTS1_016,1,0,1.0,SCH-BPRESEC,1ARTS1
SCH-BPRESEC_1ARTS1_005,SCH-BPRESEC_1ARTS1_029,1,0,1.0,SCH-BPRESEC,1ARTS1
SCH-BPRESEC_1ARTS1_005,SCH-BPRESEC_1ARTS1_035,1,0,1.0,SCH-BPRESEC,1ARTS1
SCH-BPRESEC_1ARTS1_007,SCH-BPRESEC_1ARTS1_008,2,1,1.0,SCH-BPRESEC,1ARTS1
SCH-BPRESEC_1ARTS1_007,SCH-BPRESEC_1ARTS1_010,1,0,1.0,SCH-BPRESEC,1ARTS1
SCH-BPRESEC_1ARTS1_007,SCH-BPRESEC_1ARTS1_014,2,1,1.0,SCH-BPRESEC,1ARTS1
SCH-BPRESEC_1ARTS1_007,SCH-BPRESEC_1ARTS1_035,1,0,1.0,SCH-BPRESEC,1ARTS1
SCH-BPRESEC_1ARTS1_007,SCH-BPRESEC_1ARTS1_038,1,0,1.0,SCH-BPRESEC,1ARTS1
SCH-BPRESEC_1ARTS1_008,SCH-BPRESEC_1ARTS1_011,1,0,1.0,SCH-BPRESEC,1ARTS1
SCH-BPRESEC_1ARTS1_008,SCH-BPRESEC_1ARTS1_014,2,1,1.0,SCH-BPRESEC,1ARTS1
SCH-BPRESEC_1ARTS1_010,SCH-BPRESEC_1ARTS1_011,1,0,1.0,SCH-BPRESEC,1ARTS1
SCH-BPRESEC_1ARTS1_010,SCH-BPRESEC_1ARTS1_013,1,0,1.0,SCH-BPRESEC,1ARTS1
SCH-BPRESEC_1ARTS1_010,SCH-BPRESEC_1ARTS1_014,1,0,1.0,SCH-BPRESEC,1ARTS1
SCH-BPRESEC_1ARTS1_010,SCH-BPRESEC_1ARTS1_020,1,0,1.0,SCH-BPRESEC,1ARTS1
SCH-BPRESEC_1ARTS1_010,SCH-BPRESEC_1ARTS1_023,1,0,1.0,SCH-BPRESEC,1ARTS1
SCH-BPRESEC_1ARTS1_011,SCH-BPRESEC_1ARTS1_016,1,0,1.0,SCH-BPRESEC,1ARTS1
SCH-BPRESEC_1ARTS1_013,SCH-BPRESEC_1ARTS1_014,1,0,1.0,SCH-BPRESEC,1ARTS1
SCH-BPRESEC_1ARTS1_013,SCH-BPRESEC_1ARTS1_019,1,0,1.0,SCH-BPRESEC,1ARTS1
SCH-BPRESEC_1ARTS1_014,SCH-BPRESEC_1ARTS1_016,1,0,1.0,SCH-BPRESEC,1ARTS1
SCH-BPRESEC_1ARTS1_014,SCH-BPRESEC_1ARTS1_020,1,0,1.0,SCH-BPRESEC,1ARTS1
SCH-BPRESEC_1ARTS1_016,SCH-BPRESEC_1ARTS1_017,2,1,1.0,SCH-BPRESEC,1ARTS1
SCH-BPRESEC_1ARTS1_017,SCH-BPRESEC_1ARTS1_019,1,0,1.0,SCH-BPRESEC,1ARTS1
SCH-BPRESEC_1ARTS1_017,SCH-BPRESEC_1ARTS1_022,2,1,1.0,SCH-BPRESEC,1ARTS1
SCH-BPRESEC_1ARTS1_019,SCH-BPRESEC_1ARTS1_020,1,0,1.0,SCH-BPRESEC,1ARTS1
SCH-BPRESEC_1ARTS1_019,SCH-BPRESEC_1ARTS1_022,2,1,1.0,SCH-BPRESEC,1ARTS1
SCH-BPRESEC_1ARTS1_019,SCH-BPRESEC_1ARTS1_023,1,0,1.0,SCH-BPRESEC,1ARTS1
SCH-BPRESEC_1ARTS1_019,SCH-BPRESEC_1ARTS1_026,1,0,1.0,SCH-BPRESEC,1ARTS1
SCH-BPRESEC_1ARTS1_020,SCH-BPRESEC_1ARTS1_022,1,0,1.0,SCH-BPRESEC,1ARTS1
SCH-BPRESEC_1ARTS1_020,SCH-BPRESEC_1ARTS1_025,1,0,1.0,SCH-BPRESEC,1ARTS1
SCH-BPRESEC_1ARTS1_020,SCH-BPRESEC_1ARTS1_026,1,0,1.0,SCH-BPRESEC,1ARTS1
SCH-BPRESEC_1ARTS1_020,SCH-BPRESEC_1ARTS1_028,1,0,1.0,SCH-BPRESEC,1ARTS1
SCH-BPRESEC_1ARTS1_020,SCH-BPRESEC_1ARTS1_031,1,0,1.0,SCH-BPRESEC,1ARTS1
SCH-BPRESEC_1ARTS1_020,SCH-BPRESEC_1ARTS1_037,1,0,1.0,SCH-BPRESEC,1ARTS1
SCH-BPRESEC_1ARTS1_022,SCH-BPRESEC_1ARTS1_023,2,1,1.0,SCH-BPRESEC,1ARTS1
SCH-BPRESEC_1ARTS1_022,SCH-BPRESEC_1ARTS1_041,1,0,1.0,SCH-BPRESEC,1ARTS1
SCH-BPRESEC_1ARTS1_023,SCH-BPRESEC_1ARTS1_025,2,1,1.0,SCH-BPRESEC,1ARTS1
SCH-BPRESEC_1ARTS1_023,SCH-BPRESEC_1ARTS1_028,1,0,1.0,SCH-BPRESEC,1ARTS1
SCH-BPRESEC_1ARTS1_025,SCH-BPRESEC_1ARTS1_026,1,0,1.0,SCH-BPRESEC,1ARTS1
SCH-BPRESEC_1ARTS1_025,SCH-BPRESEC_1ARTS1_028,2,1,1.0,SCH-BPRESEC,1ARTS1
SCH-BPRESEC_1ARTS1_025,SCH-BPRESEC_1ARTS1_035,1,0,1.0,SCH-BPRESEC,1ARTS1
SCH-BPRESEC_1ARTS1_026,SCH-BPRESEC_1ARTS1_028,1,0,1.0,SCH-BPRESEC,1ARTS1
SCH-BPRESEC_1ARTS1_028,SCH-BPRESEC_1ARTS1_029,1,0,1.0,SCH-BPRESEC,1ARTS1
SCH-BPRESEC_1ARTS1_028,SCH-BPRESEC_1ARTS1_031,1,0,1.0,SCH-BPRESEC,1ARTS1
SCH-BPRESEC_1ARTS1_028,SCH-BPRESEC_1ARTS1_032,1,0,1.0,SCH-BPRESEC,1ARTS1
SCH-BPRESEC_1ARTS1_031,SCH-BPRESEC_1ARTS1_034,2,1,1.0,SCH-BPRESEC,1ARTS1
SCH-BPRESEC_1ARTS1_031,SCH-BPRESEC_1ARTS1_037,1,0,1.0,SCH-BPRESEC,1ARTS1
SCH-BPRESEC_1ARTS1_031,SCH-BPRESEC_1ARTS1_038,1,0,1.0,SCH-BPRESEC,1ARTS1
SCH-BPRESEC_1ARTS1_031,SCH-BPRESEC_1ARTS1_040,1,0,1.0,SCH-BPRESEC,1ARTS1
SCH-BPRESEC_1ARTS1_032,SCH-BPRESEC_1ARTS1_034,1,0,1.0,SCH-BPRESEC,1ARTS1
SCH-BPRESEC_1ARTS1_032,SCH-BPRESEC_1ARTS1_037,1,0,1.0,SCH-BPRESEC,1ARTS1
SCH-BPRESEC_1ARTS1_034,SCH-BPRESEC_1ARTS1_035,1,0,1.0,SCH-BPRESEC,1ARTS1
SCH-BPRESEC_1ARTS1_034,SCH-BPRESEC_1ARTS1_040,1,0,1.0,SCH-BPRESEC,1ARTS1
SCH-BPRESEC_1ARTS1_034,SCH-BPRESEC_1ARTS1_044,1,0,1.0,SCH-BPRESEC,1ARTS1
SCH-BPRESEC_1ARTS1_034,SCH-BPRESEC_1ARTS1_046,1,0,1.0,SCH-BPRESEC,1ARTS1
SCH-BPRESEC_1ARTS1_035,SCH-BPRESEC_1ARTS1_038,1,0,1.0,SCH-BPRESEC,1ARTS1
SCH-BPRESEC_1ARTS1_038,SCH-BPRESEC_1ARTS1_043,1,0,1.0,SCH-BPRESEC,1ARTS1
SCH-BPRESEC_1ARTS1_038,SCH-BPRESEC_1ARTS1_044,1,0,1.0,SCH-BPRESEC,1ARTS1
SCH-BPRESEC_1ARTS1_040,SCH-BPRESEC_1ARTS1_043,1,0,1.0,SCH-BPRESEC,1ARTS1
SCH-BPRESEC_1ARTS1_041,SCH-BPRESEC_1ARTS1_043,2,1,1.0,SCH-BPRESEC,1ARTS1
SCH-BPRESEC_1ARTS1_041,SCH-BPRESEC_1ARTS1_044,2,1,1.0,SCH-BPRESEC,1ARTS1
SCH-BPRESEC_1ARTS1_044,SCH-BPRESEC_1ARTS1_046,1,0,1.0,SCH-BPRESEC,1ARTS1
SCH-BPRESEC_1ARTS_003,SCH-BPRESEC_1ARTS_006,1,0,1.0,SCH-BPRESEC,1ARTS
SCH-BPRESEC_1ARTS_006,SCH-BPRESEC_1ARTS_009,2,1,1.0,SCH-BPRESEC,1ARTS
SCH-BPRESEC_1ARTS_006,SCH-BPRESEC_1ARTS_015,1,0,1.0,SCH-BPRESEC,1ARTS
SCH-BPRESEC_1ARTS_006,SCH-BPRESEC_1ARTS_039,1,0,1.0,SCH-BPRESEC,1ARTS
SCH-BPRESEC_1ARTS_009,SCH-BPRESEC_1ARTS_024,1,0,1.0,SCH-BPRESEC,1ARTS
SCH-BPRESEC_1ARTS_012,SCH-BPRESEC_1ARTS_015,1,0,1.0,SCH-BPRESEC,1ARTS
SCH-BPRESEC_1ARTS_012,SCH-BPRESEC_1ARTS_018,1,0,1.0,SCH-BPRESEC,1ARTS
SCH-BPRESEC_1ARTS_012,SCH-BPRESEC_1ARTS_021,1,0,1.0,SCH-BPRESEC,1ARTS
SCH-BPRESEC_1ARTS_015,SCH-BPRESEC_1ARTS_030,1,0,1.0,SCH-BPRESEC,1ARTS
SCH-BPRESEC_1ARTS_015,SCH-BPRESEC_1ARTS_036,1,0,1.0,SCH-BPRESEC,1ARTS
SCH-BPRESEC_1ARTS_018,SCH-BPRESEC_1ARTS_021,1,0,1.0,SCH-BPRESEC,1ARTS
SCH-BPRESEC_1ARTS_024,SCH-BPRESEC_1ARTS_027,1,0,1.0,SCH-BPRESEC,1ARTS
SCH-BPRESEC_1ARTS_024,SCH-BPRESEC_1ARTS_039,1,0,1.0,SCH-BPRESEC,1ARTS
SCH-BPRESEC_1ARTS_030,SCH-BPRESEC_1ARTS_036,1,0,1.0,SCH-BPRESEC,1ARTS
SCH-BPRESEC_1ARTS_036,SCH-BPRESEC_1ARTS_045,1,0,1.0,SCH-BPRESEC,1ARTS
SCH-BPRESEC_1ARTS_039,SCH-BPRESEC_1ARTS_042,1,0,1.0,SCH-BPRESEC,1ARTS
SCH-BPRESEC_1ARTS_042,SCH-BPRESEC_1ARTS_045,1,0,1.0,SCH-BPRESEC,1ARTS
SCH-BPRESEC_1BUS_001,SCH-BPRESEC_1BUS_002,2,1,1.0,SCH-BPRESEC,1BUS
SCH-BPRESEC_1BUS_001,SCH-BPRESEC_1BUS_003,1,0,1.0,SCH-BPRESEC,1BUS
SCH-BPRESEC_1BUS_001,SCH-BPRESEC_1BUS_005,1,0,1.0,SCH-BPRESEC,1BUS
SCH-BPRESEC_1BUS_001,SCH-BPRESEC_1BUS_006,1,0,1.0,SCH-BPRESEC,1BUS
SCH-BPRESEC_1BUS_001,SCH-BPRESEC_1BUS_007,1,0,1.0,SCH-BPRESEC,1BUS
SCH-BPRESEC_1BUS_001,SCH-BPRESEC_1BUS_010,1,0,1.0,SCH-BPRESEC,1BUS
SCH-BPRESEC_1BUS_002,SCH-BPRESEC_1BUS_003,1,0,1.0,SCH-BPRESEC,1BUS
SCH-BPRESEC_1BUS_002,SCH-BPRESEC_1BUS_012,1,0,1.0,SCH-BPRESEC,1BUS
SCH-BPRESEC_1BUS_002,SCH-BPRESEC_1BUS_013,1,0,1.0,SCH-BPRESEC,1BUS
SCH-BPRESEC_1BUS_002,SCH-BPRESEC_1BUS_014,1,0,1.0,SCH-BPRESEC,1BUS
SCH-BPRESEC_1BUS_003,SCH-BPRESEC_1BUS_004,2,1,1.0,SCH-BPRESEC,1BUS
SCH-BPRESEC_1BUS_003,SCH-BPRESEC_1BUS_005,1,0,1.0,SCH-BPRESEC,1BUS
SCH-BPRESEC_1BUS_003,SCH-BPRESEC_1BUS_008,1,0,1.0,SCH-BPRESEC,1BUS
SCH-BPRESEC_1BUS_003,SCH-BPRESEC_1BUS_011,1,0,1.0,SCH-BPRESEC,1BUS
SCH-BPRESEC_1BUS_004,SCH-BPRESEC_1BUS_005,1,0,1.0,SCH-BPRESEC,1BUS
SCH-BPRESEC_1BUS_004,SCH-BPRESEC_1BUS_006,1,0,1.0,SCH-BPRESEC,1BUS
SCH-BPRESEC_1BUS_004,SCH-BPRESEC_1BUS_008,1,0,1.0,SCH-BPRESEC,1BUS
SCH-BPRESEC_1BUS_004,SCH-BPRESEC_1BUS_009,1,0,1.0,SCH-BPRESEC,1BUS
SCH-BPRESEC_1BUS_004,SCH-BPRESEC_1BUS_010,2,1,1.0,SCH-BPRESEC,1BUS
SCH-BPRESEC_1BUS_004,SCH-BPRESEC_1BUS_011,1,0,1.0,SCH-BPRESEC,1BUS
SCH-BPRESEC_1BUS_004,SCH-BPRESEC_1BUS_014,1,0,1.0,SCH-BPRESEC,1BUS
SCH-BPRESEC_1BUS_004,SCH-BPRESEC_1BUS_017,1,0,1.0,SCH-BPRESEC,1BUS
SCH-BPRESEC_1BUS_005,SCH-BPRESEC_1BUS_006,1,0,1.0,SCH-BPRESEC,1BUS
SCH-BPRESEC_1BUS_005,SCH-BPRESEC_1BUS_007,2,1,1.0,SCH-BPRESEC,1BUS
SCH-BPRESEC_1BUS_005,SCH-BPRESEC_1BUS_008,1,0,1.0,SCH-BPRESEC,1BUS
SCH-BPRESEC_1BUS_005,SCH-BPRESEC_1BUS_010,1,0,1.0,SCH-BPRESEC,1BUS
SCH-BPRESEC_1BUS_005,SCH-BPRESEC_1BUS_011,1,0,1.0,SCH-BPRESEC,1BUS
SCH-BPRESEC_1BUS_005,SCH-BPRESEC_1BUS_014,1,0,1.0,SCH-BPRESEC,1BUS
SCH-BPRESEC_1BUS_005,SCH-BPRESEC_1BUS_022,1,0,1.0,SCH-BPRESEC,1BUS
SCH-BPRESEC_1BUS_006,SCH-BPRESEC_1BUS_008,1,0,1.0,SCH-BPRESEC,1BUS
SCH-BPRESEC_1BUS_006,SCH-BPRESEC_1BUS_011,1,0,1.0,SCH-BPRESEC,1BUS
SCH-BPRESEC_1BUS_006,SCH-BPRESEC_1BUS_012,1,0,1.0,SCH-BPRESEC,1BUS
SCH-BPRESEC_1BUS_006,SCH-BPRESEC_1BUS_015,1,0,1.0,SCH-BPRESEC,1BUS
SCH-BPRESEC_1BUS_006,SCH-BPRESEC_1BUS_017,1,0,1.0,SCH-BPRESEC,1BUS
SCH-BPRESEC_1BUS_007,SCH-BPRESEC_1BUS_008,1,0,1.0,SCH-BPRESEC,1BUS
SCH-BPRESEC_1BUS_007,SCH-BPRESEC_1BUS_014,1,0,1.0,SCH-BPRESEC,1BUS
SCH-BPRESEC_1BUS_007,SCH-BPRESEC_1BUS_020,1,0,1.0,SCH-BPRESEC,1BUS
SCH-BPRESEC_1BUS_007,SCH-BPRESEC_1BUS_021,2,1,1.0,SCH-BPRESEC,1BUS
SCH-BPRESEC_1BUS_007,SCH-BPRESEC_1BUS_022,1,0,1.0,SCH-BPRESEC,1BUS
SCH-BPRESEC_1BUS_008,SCH-BPRESEC_1BUS_009,1,0,1.0,SCH-BPRESEC,1BUS
SCH-BPRESEC_1BUS_008,SCH-BPRESEC_1BUS_010,1,0,1.0,SCH-BPRESEC,1BUS
SCH-BPRESEC_1BUS_008,SCH-BPRESEC_1BUS_012,1,0,1.0,SCH-BPRESEC,1BUS
SCH-BPRESEC_1BUS_008,SCH-BPRESEC_1BUS_015,1,0,1.0,SCH-BPRESEC,1BUS
SCH-BPRESEC_1BUS_008,SCH-BPRESEC_1BUS_020,2,1,1.0,SCH-BPRESEC,1BUS
SCH-BPRESEC_1BUS_009,SCH-BPRESEC_1BUS_010,1,0,1.0,SCH-BPRESEC,1BUS
SCH-BPRESEC_1BUS_009,SCH-BPRESEC_1BUS_011,1,0,1.0,SCH-BPRESEC,1BUS
SCH-BPRESEC_1BUS_009,SCH-BPRESEC_1BUS_012,2,1,1.0,SCH-BPRESEC,1BUS
SCH-BPRESEC_1BUS_009,SCH-BPRESEC_1BUS_014,1,0,1.0,SCH-BPRESEC,1BUS
SCH-BPRESEC_1BUS_010,SCH-BPRESEC_1BUS_011,1,0,1.0,SCH-BPRESEC,1BUS
SCH-BPRESEC_1BUS_010,SCH-BPRESEC_1BUS_012,1,0,1.0,SCH-BPRESEC,1BUS
SCH-BPRESEC_1BUS_010,SCH-BPRESEC_1BUS_013,1,0,1.0,SCH-BPRESEC,1BUS
SCH-BPRESEC_1BUS_010,SCH-BPRESEC_1BUS_016,1,0,1.0,SCH-BPRESEC,1BUS
SCH-BPRESEC_1BUS_010,SCH-BPRESEC_1BUS_017,2,1,1.0,SCH-BPRESEC,1BUS
SCH-BPRESEC_1BUS_010,SCH-BPRESEC_1BUS_018,1,0,1.0,SCH-BPRESEC,1BUS
SCH-BPRESEC_1BUS_010,SCH-BPRESEC_1BUS_019,1,0,1.0,SCH-BPRESEC,1BUS
SCH-BPRESEC_1BUS_010,SCH-BPRESEC_1BUS_020,2,1,1.0,SCH-BPRESEC,1BUS
SCH-BPRESEC_1BUS_011,SCH-BPRESEC_1BUS_012,1,0,1.0,SCH-BPRESEC,1BUS
SCH-BPRESEC_1BUS_011,SCH-BPRESEC_1BUS_015,1,0,1.0,SCH-BPRESEC,1BUS
SCH-BPRESEC_1BUS_011,SCH-BPRESEC_1BUS_018,1,0,1.0,SCH-BPRESEC,1BUS
SCH-BPRESEC_1BUS_011,SCH-BPRESEC_1BUS_019,1,0,1.0,SCH-BPRESEC,1BUS
SCH-BPRESEC_1BUS_011,SCH-BPRESEC_1BUS_020,2,1,1.0,SCH-BPRESEC,1BUS
SCH-BPRESEC_1BUS_011,SCH-BPRESEC_1BUS_021,2,1,1.0,SCH-BPRESEC,1BUS
SCH-BPRESEC_1BUS_011,SCH-BPRESEC_1BUS_022,1,0,1.0,SCH-BPRESEC,1BUS
SCH-BPRESEC_1BUS_012,SCH-BPRESEC_1BUS_014,1,0,1.0,SCH-BPRESEC,1BUS
SCH-BPRESEC_1BUS_012,SCH-BPRESEC_1BUS_015,1,0,1.0,SCH-BPRESEC,1BUS
SCH-BPRESEC_1BUS_012,SCH-BPRESEC_1BUS_017,1,0,1.0,SCH-BPRESEC,1BUS
SCH-BPRESEC_1BUS_013,SCH-BPRESEC_1BUS_015,2,1,1.0,SCH-BPRESEC,1BUS
SCH-BPRESEC_1BUS_013,SCH-BPRESEC_1BUS_016,1,0,1.0,SCH-BPRESEC,1BUS
SCH-BPRESEC_1BUS_013,SCH-BPRESEC_1BUS_017,2,1,1.0,SCH-BPRESEC,1BUS
SCH-BPRESEC_1BUS_014,SCH-BPRESEC_1BUS_016,2,1,1.0,SCH-BPRESEC,1BUS
SCH-BPRESEC_1BUS_014,SCH-BPRESEC_1BUS_017,1,0,1.0,SCH-BPRESEC,1BUS
SCH-BPRESEC_1BUS_014,SCH-BPRESEC_1BUS_021,1,0,1.0,SCH-BPRESEC,1BUS
SCH-BPRESEC_1BUS_015,SCH-BPRESEC_1BUS_016,1,0,1.0,SCH-BPRESEC,1BUS
SCH-BPRESEC_1BUS_016,SCH-BPRESEC_1BUS_017,1,0,1.0,SCH-BPRESEC,1BUS
SCH-BPRESEC_1BUS_016,SCH-BPRESEC_1BUS_018,2,1,1.0,SCH-BPRESEC,1BUS
SCH-BPRESEC_1BUS_016,SCH-BPRESEC_1BUS_019,1,0,1.0,SCH-BPRESEC,1BUS
SCH-BPRESEC_1BUS_016,SCH-BPRESEC_1BUS_020,1,0,1.0,SCH-BPRESEC,1BUS
SCH-BPRESEC_1BUS_017,SCH-BPRESEC_1BUS_018,1,0,1.0,SCH-BPRESEC,1BUS
SCH-BPRESEC_1BUS_017,SCH-BPRESEC_1BUS_020,2,1,1.0,SCH-BPRESEC,1BUS
SCH-BPRESEC_1BUS_018,SCH-BPRESEC_1BUS_021,1,0,1.0,SCH-BPRESEC,1BUS
SCH-BPRESEC_1BUS_019,SCH-BPRESEC_1BUS_021,2,1,1.0,SCH-BPRESEC,1BUS
SCH-BPRESEC_1BUS_019,SCH-BPRESEC_1BUS_022,1,0,1.0,SCH-BPRESEC,1BUS
SCH-BPRESEC_1BUS_020,SCH-BPRESEC_1BUS_021,2,1,1.0,SCH-BPRESEC,1BUS
SCH-BPRESEC_1BUS_020,SCH-BPRESEC_1BUS_022,1,0,1.0,SCH-BPRESEC,1BUS
SCH-BPRESEC_1BUS_021,SCH-BPRESEC_1BUS_022,1,0,1.0,SCH-BPRESEC,1BUS
SCH-BPRESEC_2VISUAL_001,SCH-BPRESEC_2VISUAL_002,2,1,1.0,SCH-BPRESEC,2VISUAL
SCH-BPRESEC_2VISUAL_001,SCH-BPRESEC_2VISUAL_004,1,0,1.0,SCH-BPRESEC,2VISUAL
SCH-BPRESEC_2VISUAL_001,SCH-BPRESEC_2VISUAL_005,1,0,1.0,SCH-BPRESEC,2VISUAL
SCH-BPRESEC_2VISUAL_001,SCH-BPRESEC_2VISUAL_008,1,0,1.0,SCH-BPRESEC,2VISUAL
SCH-BPRESEC_2VISUAL_001,SCH-BPRESEC_2VISUAL_010,1,0,1.0,SCH-BPRESEC,2VISUAL
SCH-BPRESEC_2VISUAL_001,SCH-BPRESEC_2VISUAL_011,1,0,1.0,SCH-BPRESEC,2VISUAL
SCH-BPRESEC_2VISUAL_001,SCH-BPRESEC_2VISUAL_012,1,0,1.0,SCH-BPRESEC,2VISUAL
SCH-BPRESEC_2VISUAL_001,SCH-BPRESEC_2VISUAL_014,1,0,1.0,SCH-BPRESEC,2VISUAL
SCH-BPRESEC_2VISUAL_001,SCH-BPRESEC_2VISUAL_017,1,0,1.0,SCH-BPRESEC,2VISUAL
SCH-BPRESEC_2VISUAL_001,SCH-BPRESEC_2VISUAL_018,1,0,1.0,SCH-BPRESEC,2VISUAL
SCH-BPRESEC_2VISUAL_001,SCH-BPRESEC_2VISUAL_019,1,0,1.0,SCH-BPRESEC,2VISUAL
SCH-BPRESEC_2VISUAL_001,SCH-BPRESEC_2VISUAL_020,1,0,1.0,SCH-BPRESEC,2VISUAL
SCH-BPRESEC_2VISUAL_001,SCH-BPRESEC_2VISUAL_021,1,0,1.0,SCH-BPRESEC,2VISUAL
SCH-BPRESEC_2VISUAL_001,SCH-BPRESEC_2VISUAL_023,1,0,1.0,SCH-BPRESEC,2VISUAL
SCH-BPRESEC_2VISUAL_001,SCH-BPRESEC_2VISUAL_024,1,0,1.0,SCH-BPRESEC,2VISUAL
SCH-BPRESEC_2VISUAL_001,SCH-BPRESEC_2VISUAL_028,1,0,1.0,SCH-BPRESEC,2VISUAL
SCH-BPRESEC_2VISUAL_001,SCH-BPRESEC_2VISUAL_029,1,0,1.0,SCH-BPRESEC,2VISUAL
SCH-BPRESEC_2VISUAL_002,SCH-BPRESEC_2VISUAL_003,2,1,1.0,SCH-BPRESEC,2VISUAL
SCH-BPRESEC_2VISUAL_002,SCH-BPRESEC_2VISUAL_008,1,0,1.0,SCH-BPRESEC,2VISUAL
SCH-BPRESEC_2VISUAL_002,SCH-BPRESEC_2VISUAL_011,1,0,1.0,SCH-BPRESEC,2VISUAL
SCH-BPRESEC_2VISUAL_002,SCH-BPRESEC_2VISUAL_012,2,1,1.0,SCH-BPRESEC,2VISUAL
SCH-BPRESEC_2VISUAL_002,SCH-BPRESEC_2VISUAL_017,1,0,1.0,SCH-BPRESEC,2VISUAL
SCH-BPRESEC_2VISUAL_002,SCH-BPRESEC_2VISUAL_018,1,0,1.0,SCH-BPRESEC,2VISUAL
SCH-BPRESEC_2VISUAL_002,SCH-BPRESEC_2VISUAL_019,1,0,1.0,SCH-BPRESEC,2VISUAL
SCH-BPRESEC_2VISUAL_002,SCH-BPRESEC_2VISUAL_020,2,1,1.0,SCH-BPRESEC,2VISUAL
SCH-BPRESEC_2VISUAL_002,SCH-BPRESEC_2VISUAL_021,1,0,1.0,SCH-BPRESEC,2VISUAL
SCH-BPRESEC_2VISUAL_002,SCH-BPRESEC_2VISUAL_022,1,0,1.0,SCH-BPRESEC,2VISUAL
SCH-BPRESEC_2VISUAL_002,SCH-BPRESEC_2VISUAL_024,1,0,1.0,SCH-BPRESEC,2VISUAL
SCH-BPRESEC_2VISUAL_002,SCH-BPRESEC_2VISUAL_025,1,0,1.0,SCH-BPRESEC,2VISUAL
SCH-BPRESEC_2VISUAL_002,SCH-BPRESEC_2VISUAL_026,1,0,1.0,SCH-BPRESEC,2VISUAL
SCH-BPRESEC_2VISUAL_002,SCH-BPRESEC_2VISUAL_029,1,0,1.0,SCH-BPRESEC,2VISUAL
SCH-BPRESEC_2VISUAL_003,SCH-BPRESEC_2VISUAL_004,1,0,1.0,SCH-BPRESEC,2VISUAL
SCH-BPRESEC_2VISUAL_003,SCH-BPRESEC_2VISUAL_005,1,0,1.0,SCH-BPRESEC,2VISUAL
SCH-BPRESEC_2VISUAL_003,SCH-BPRESEC_2VISUAL_010,1,0,1.0,SCH-BPRESEC,2VISUAL
SCH-BPRESEC_2VISUAL_003,SCH-BPRESEC_2VISUAL_011,1,0,1.0,SCH-BPRESEC,2VISUAL
SCH-BPRESEC_2VISUAL_003,SCH-BPRESEC_2VISUAL_013,1,0,1.0,SCH-BPRESEC,2VISUAL
SCH-BPRESEC_2VISUAL_003,SCH-BPRESEC_2VISUAL_015,1,0,1.0,SCH-BPRESEC,2VISUAL
SCH-BPRESEC_2VISUAL_003,SCH-BPRESEC_2VISUAL_016,1,0,1.0,SCH-BPRESEC,2VISUAL
SCH-BPRESEC_2VISUAL_003,SCH-BPRESEC_2VISUAL_017,1,0,1.0,SCH-BPRESEC,2VISUAL
SCH-BPRESEC_2VISUAL_003,SCH-BPRESEC_2VISUAL_019,1,0,1.0,SCH-BPRESEC,2VISUAL
SCH-BPRESEC_2VISUAL_003,SCH-BPRESEC_2VISUAL_020,1,0,1.0,SCH-BPRESEC,2VISUAL
SCH-BPRESEC_2VISUAL_003,SCH-BPRESEC_2VISUAL_026,1,0,1.0,SCH-BPRESEC,2VISUAL
SCH-BPRESEC_2VISUAL_004,SCH-BPRESEC_2VISUAL_005,2,1,1.0,SCH-BPRESEC,2VISUAL
SCH-BPRESEC_2VISUAL_004,SCH-BPRESEC_2VISUAL_006,2,1,1.0,SCH-BPRESEC,2VISUAL
SCH-BPRESEC_2VISUAL_004,SCH-BPRESEC_2VISUAL_007,1,0,1.0,SCH-BPRESEC,2VISUAL
SCH-BPRESEC_2VISUAL_004,SCH-BPRESEC_2VISUAL_012,1,0,1.0,SCH-BPRESEC,2VISUAL
SCH-BPRESEC_2VISUAL_004,SCH-BPRESEC_2VISUAL_015,1,0,1.0,SCH-BPRESEC,2VISUAL
SCH-BPRESEC_2VISUAL_005,SCH-BPRESEC_2VISUAL_006,2,1,1.0,SCH-BPRESEC,2VISUAL
SCH-BPRESEC_2VISUAL_005,SCH-BPRESEC_2VISUAL_007,2,1,1.0,SCH-BPRESEC,2VISUAL
SCH-BPRESEC_2VISUAL_005,SCH-BPRESEC_2VISUAL_010,1,0,1.0,SCH-BPRESEC,2VISUAL
SCH-BPRESEC_2VISUAL_005,SCH-BPRESEC_2VISUAL_031,1,0,1.0,SCH-BPRESEC,2VISUAL
SCH-BPRESEC_2VISUAL_006,SCH-BPRESEC_2VISUAL_007,1,0,1.0,SCH-BPRESEC,2VISUAL
SCH-BPRESEC_2VISUAL_006,SCH-BPRESEC_2VISUAL_012,1,0,1.0,SCH-BPRESEC,2VISUAL
SCH-BPRESEC_2VISUAL_007,SCH-BPRESEC_2VISUAL_009,1,0,1.0,SCH-BPRESEC,2VISUAL
SCH-BPRESEC_2VISUAL_007,SCH-BPRESEC_2VISUAL_010,1,0,1.0,SCH-BPRESEC,2VISUAL
SCH-BPRESEC_2VISUAL_008,SCH-BPRESEC_2VISUAL_026,1,0,1.0,SCH-BPRESEC,2VISUAL
SCH-BPRESEC_2VISUAL_008,SCH-BPRESEC_2VISUAL_029,1,0,1.0,SCH-BPRESEC,2VISUAL
SCH-BPRESEC_2VISUAL_008,SCH-BPRESEC_2VISUAL_030,1,0,1.0,SCH-BPRESEC,2VISUAL
SCH-BPRESEC_2VISUAL_008,SCH-BPRESEC_2VISUAL_038,1,0,1.0,SCH-BPRESEC,2VISUAL
SCH-BPRESEC_2VISUAL_009,SCH-BPRESEC_2VISUAL_013,1,0,1.0,SCH-BPRESEC,2VISUAL
SCH-BPRESEC_2VISUAL_009,SCH-BPRESEC_2VISUAL_014,1,0,1.0,SCH-BPRESEC,2VISUAL
SCH-BPRESEC_2VISUAL_009,SCH-BPRESEC_2VISUAL_015,1,0,1.0,SCH-BPRESEC,2VISUAL
SCH-BPRESEC_2VISUAL_009,SCH-BPRESEC_2VISUAL_023,1,0,1.0,SCH-BPRESEC,2VISUAL
SCH-BPRESEC_2VISUAL_009,SCH-BPRESEC_2VISUAL_026,1,0,1.0,SCH-BPRESEC,2VISUAL
SCH-BPRESEC_2VISUAL_009,SCH-BPRESEC_2VISUAL_029,1,0,1.0,SCH-BPRESEC,2VISUAL
SCH-BPRESEC_2VISUAL_010,SCH-BPRESEC_2VISUAL_012,1,0,1.0,SCH-BPRESEC,2VISUAL
SCH-BPRESEC_2VISUAL_010,SCH-BPRESEC_2VISUAL_013,1,0,1.0,SCH-BPRESEC,2VISUAL
SCH-BPRESEC_2VISUAL_010,SCH-BPRESEC_2VISUAL_014,1,0,1.0,SCH-BPRESEC,2VISUAL
SCH-BPRESEC_2VISUAL_010,SCH-BPRESEC_2VISUAL_015,1,0,1.0,SCH-BPRESEC,2VISUAL
SCH-BPRESEC_2VISUAL_010,SCH-BPRESEC_2VISUAL_016,1,0,1.0,SCH-BPRESEC,2VISUAL
SCH-BPRESEC_2VISUAL_010,SCH-BPRESEC_2VISUAL_017,1,0,1.0,SCH-BPRESEC,2VISUAL
SCH-BPRESEC_2VISUAL_010,SCH-BPRESEC_2VISUAL_031,1,0,1.0,SCH-BPRESEC,2VISUAL
SCH-BPRESEC_2VISUAL_011,SCH-BPRESEC_2VISUAL_015,1,0,1.0,SCH-BPRESEC,2VISUAL
SCH-BPRESEC_2VISUAL_011,SCH-BPRESEC_2VISUAL_031,1,0,1.0,SCH-BPRESEC,2VISUAL
SCH-BPRESEC_2VISUAL_012,SCH-BPRESEC_2VISUAL_014,1,0,1.0,SCH-BPRESEC,2VISUAL
SCH-BPRESEC_2VISUAL_012,SCH-BPRESEC_2VISUAL_031,1,0,1.0,SCH-BPRESEC,2VISUAL
SCH-BPRESEC_2VISUAL_012,SCH-BPRESEC_2VISUAL_035,1,0,1.0,SCH-BPRESEC,2VISUAL
SCH-BPRESEC_2VISUAL_013,SCH-BPRESEC_2VISUAL_014,1,0,1.0,SCH-BPRESEC,2VISUAL
SCH-BPRESEC_2VISUAL_013,SCH-BPRESEC_2VISUAL_015,1,0,1.0,SCH-BPRESEC,2VISUAL
SCH-BPRESEC_2VISUAL_013,SCH-BPRESEC_2VISUAL_017,1,0,1.0,SCH-BPRESEC,2VISUAL
SCH-BPRESEC_2VISUAL_013,SCH-BPRESEC_2VISUAL_029,1,0,1.0,SCH-BPRESEC,2VISUAL
SCH-BPRESEC_2VISUAL_014,SCH-BPRESEC_2VISUAL_029,1,0,1.0,SCH-BPRESEC,2VISUAL
SCH-BPRESEC_2VISUAL_014,SCH-BPRESEC_2VISUAL_030,1,0,1.0,SCH-BPRESEC,2VISUAL
SCH-BPRESEC_2VISUAL_015,SCH-BPRESEC_2VISUAL_016,1,0,1.0,SCH-BPRESEC,2VISUAL
SCH-BPRESEC_2VISUAL_015,SCH-BPRESEC_2VISUAL_017,1,0,1.0,SCH-BPRESEC,2VISUAL
SCH-BPRESEC_2VISUAL_015,SCH-BPRESEC_2VISUAL_019,1,0,1.0,SCH-BPRESEC,2VISUAL
SCH-BPRESEC_2VISUAL_015,SCH-BPRESEC_2VISUAL_020,1,0,1.0,SCH-BPRESEC,2VISUAL
SCH-BPRESEC_2VISUAL_015,SCH-BPRESEC_2VISUAL_021,1,0,1.0,SCH-BPRESEC,2VISUAL
SCH-BPRESEC_2VISUAL_015,SCH-BPRESEC_2VISUAL_028,1,0,1.0,SCH-BPRESEC,2VISUAL
SCH-BPRESEC_2VISUAL_015,SCH-BPRESEC_2VISUAL_031,1,0,1.0,SCH-BPRESEC,2VISUAL
SCH-BPRESEC_2VISUAL_016,SCH-BPRESEC_2VISUAL_019,1,0,1.0,SCH-BPRESEC,2VISUAL
SCH-BPRESEC_2VISUAL_016,SCH-BPRESEC_2VISUAL_021,1,0,1.0,SCH-BPRESEC,2VISUAL
SCH-BPRESEC_2VISUAL_016,SCH-BPRESEC_2VISUAL_022,1,0,1.0,SCH-BPRESEC,2VISUAL
SCH-BPRESEC_2VISUAL_017,SCH-BPRESEC_2VISUAL_018,1,0,1.0,SCH-BPRESEC,2VISUAL
SCH-BPRESEC_2VISUAL_017,SCH-BPRESEC_2VISUAL_021,1,0,1.0,SCH-BPRESEC,2VISUAL
SCH-BPRESEC_2VISUAL_018,SCH-BPRESEC_2VISUAL_020,1,0,1.0,SCH-BPRESEC,2VISUAL
SCH-BPRESEC_2VISUAL_018,SCH-BPRESEC_2VISUAL_021,1,0,1.0,SCH-BPRESEC,2VISUAL
SCH-BPRESEC_2VISUAL_019,SCH-BPRESEC_2VISUAL_021,1,0,1.0,SCH-BPRESEC,2VISUAL
SCH-BPRESEC_2VISUAL_019,SCH-BPRESEC_2VISUAL_023,1,0,1.0,SCH-BPRESEC,2VISUAL
SCH-BPRESEC_2VISUAL_019,SCH-BPRESEC_2VISUAL_025,1,0,1.0,SCH-BPRESEC,2VISUAL
SCH-BPRESEC_2VISUAL_020,SCH-BPRESEC_2VISUAL_023,2,1,1.0,SCH-BPRESEC,2VISUAL
SCH-BPRESEC_2VISUAL_020,SCH-BPRESEC_2VISUAL_024,1,0,1.0,SCH-BPRESEC,2VISUAL
SCH-BPRESEC_2VISUAL_020,SCH-BPRESEC_2VISUAL_025,1,0,1.0,SCH-BPRESEC,2VISUAL
SCH-BPRESEC_2VISUAL_020,SCH-BPRESEC_2VISUAL_032,1,0,1.0,SCH-BPRESEC,2VISUAL
SCH-BPRESEC_2VISUAL_020,SCH-BPRESEC_2VISUAL_033,1,0,1.0,SCH-BPRESEC,2VISUAL
SCH-BPRESEC_2VISUAL_021,SCH-BPRESEC_2VISUAL_022,1,0,1.0,SCH-BPRESEC,2VISUAL
SCH-BPRESEC_2VISUAL_021,SCH-BPRESEC_2VISUAL_023,2,1,1.0,SCH-BPRESEC,2VISUAL
SCH-BPRESEC_2VISUAL_021,SCH-BPRESEC_2VISUAL_024,1,0,1.0,SCH-BPRESEC,2VISUAL
SCH-BPRESEC_2VISUAL_021,SCH-BPRESEC_2VISUAL_025,1,0,1.0,SCH-BPRESEC,2VISUAL
SCH-BPRESEC_2VISUAL_021,SCH-BPRESEC_2VISUAL_026,1,0,1.0,SCH-BPRESEC,2VISUAL
SCH-BPRESEC_2VISUAL_021,SCH-BPRESEC_2VISUAL_034,1,0,1.0,SCH-BPRESEC,2VISUAL
SCH-BPRESEC_2VISUAL_022,SCH-BPRESEC_2VISUAL_024,2,1,1.0,SCH-BPRESEC,2VISUAL
SCH-BPRESEC_2VISUAL_022,SCH-BPRESEC_2VISUAL_025,1,0,1.0,SCH-BPRESEC,2VISUAL
SCH-BPRESEC_2VISUAL_022,SCH-BPRESEC_2VISUAL_026,1,0,1.0,SCH-BPRESEC,2VISUAL
SCH-BPRESEC_2VISUAL_023,SCH-BPRESEC_2VISUAL_026,1,0,1.0,SCH-BPRESEC,2VISUAL
SCH-BPRESEC_2VISUAL_024,SCH-BPRESEC_2VISUAL_025,2,1,1.0,SCH-BPRESEC,2VISUAL
SCH-BPRESEC_2VISUAL_024,SCH-BPRESEC_2VISUAL_026,1,0,1.0,SCH-BPRESEC,2VISUAL
SCH-BPRESEC_2VISUAL_024,SCH-BPRESEC_2VISUAL_029,1,0,1.0,SCH-BPRESEC,2VISUAL
SCH-BPRESEC_2VISUAL_024,SCH-BPRESEC_2VISUAL_039,1,0,1.0,SCH-BPRESEC,2VISUAL
SCH-BPRESEC_2VISUAL_025,SCH-BPRESEC_2VISUAL_026,1,0,1.0,SCH-BPRESEC,2VISUAL
SCH-BPRESEC_2VISUAL_025,SCH-BPRESEC_2VISUAL_033,1,0,1.0,SCH-BPRESEC,2VISUAL
SCH-BPRESEC_2VISUAL_025,SCH-BPRESEC_2VISUAL_036,1,0,1.0,SCH-BPRESEC,2VISUAL
SCH-BPRESEC_2VISUAL_025,SCH-BPRESEC_2VISUAL_040,1,0,1.0,SCH-BPRESEC,2VISUAL
SCH-BPRESEC_2VISUAL_026,SCH-BPRESEC_2VISUAL_028,1,0,1.0,SCH-BPRESEC,2VISUAL
SCH-BPRESEC_2VISUAL_027,SCH-BPRESEC_2VISUAL_028,2,1,1.0,SCH-BPRESEC,2VISUAL
SCH-BPRESEC_2VISUAL_027,SCH-BPRESEC_2VISUAL_029,1,0,1.0,SCH-BPRESEC,2VISUAL
SCH-BPRESEC_2VISUAL_027,SCH-BPRESEC_2VISUAL_030,2,1,1.0,SCH-BPRESEC,2VISUAL
SCH-BPRESEC_2VISUAL_027,SCH-BPRESEC_2VISUAL_032,1,0,1.0,SCH-BPRESEC,2VISUAL
SCH-BPRESEC_2VISUAL_027,SCH-BPRESEC_2VISUAL_040,1,0,1.0,SCH-BPRESEC,2VISUAL
SCH-BPRESEC_2VISUAL_028,SCH-BPRESEC_2VISUAL_029,1,0,1.0,SCH-BPRESEC,2VISUAL
SCH-BPRESEC_2VISUAL_028,SCH-BPRESEC_2VISUAL_032,1,0,1.0,SCH-BPRESEC,2VISUAL
SCH-BPRESEC_2VISUAL_028,SCH-BPRESEC_2VISUAL_040,1,0,1.0,SCH-BPRESEC,2VISUAL
SCH-BPRESEC_2VISUAL_029,SCH-BPRESEC_2VISUAL_030,2,1,1.0,SCH-BPRESEC,2VISUAL
SCH-BPRESEC_2VISUAL_029,SCH-BPRESEC_2VISUAL_031,2,1,1.0,SCH-BPRESEC,2VISUAL
SCH-BPRESEC_2VISUAL_029,SCH-BPRESEC_2VISUAL_032,1,0,1.0,SCH-BPRESEC,2VISUAL
SCH-BPRESEC_2VISUAL_029,SCH-BPRESEC_2VISUAL_035,1,0,1.0,SCH-BPRESEC,2VISUAL
SCH-BPRESEC_2VISUAL_030,SCH-BPRESEC_2VISUAL_031,2,1,1.0,SCH-BPRESEC,2VISUAL
SCH-BPRESEC_2VISUAL_030,SCH-BPRESEC_2VISUAL_032,1,0,1.0,SCH-BPRESEC,2VISUAL
SCH-BPRESEC_2VISUAL_030,SCH-BPRESEC_2VISUAL_036,2,1,1.0,SCH-BPRESEC,2VISUAL
SCH-BPRESEC_2VISUAL_030,SCH-BPRESEC_2VISUAL_037,1,0,1.0,SCH-BPRESEC,2VISUAL
SCH-BPRESEC_2VISUAL_030,SCH-BPRESEC_2VISUAL_040,1,0,1.0,SCH-BPRESEC,2VISUAL
SCH-BPRESEC_2VISUAL_031,SCH-BPRESEC_2VISUAL_032,1,0,1.0,SCH-BPRESEC,2VISUAL
SCH-BPRESEC_2VISUAL_031,SCH-BPRESEC_2VISUAL_034,1,0,1.0,SCH-BPRESEC,2VISUAL
SCH-BPRESEC_2VISUAL_031,SCH-BPRESEC_2VISUAL_035,1,0,1.0,SCH-BPRESEC,2VISUAL
SCH-BPRESEC_2VISUAL_031,SCH-BPRESEC_2VISUAL_039,1,0,1.0,SCH-BPRESEC,2VISUAL
SCH-BPRESEC_2VISUAL_032,SCH-BPRESEC_2VISUAL_036,1,0,1.0,SCH-BPRESEC,2VISUAL
SCH-BPRESEC_2VISUAL_032,SCH-BPRESEC_2VISUAL_038,1,0,1.0,SCH-BPRESEC,2VISUAL
SCH-BPRESEC_2VISUAL_032,SCH-BPRESEC_2VISUAL_039,2,1,1.0,SCH-BPRESEC,2VISUAL
SCH-BPRESEC_2VISUAL_033,SCH-BPRESEC_2VISUAL_034,2,1,1.0,SCH-BPRESEC,2VISUAL
SCH-BPRESEC_2VISUAL_033,SCH-BPRESEC_2VISUAL_035,2,1,1.0,SCH-BPRESEC,2VISUAL
SCH-BPRESEC_2VISUAL_033,SCH-BPRESEC_2VISUAL_036,1,0,1.0,SCH-BPRESEC,2VISUAL
SCH-BPRESEC_2VISUAL_034,SCH-BPRESEC_2VISUAL_036,2,1,1.0,SCH-BPRESEC,2VISUAL
SCH-BPRESEC_2VISUAL_034,SCH-BPRESEC_2VISUAL_037,1,0,1.0,SCH-BPRESEC,2VISUAL
SCH-BPRESEC_2VISUAL_034,SCH-BPRESEC_2VISUAL_038,1,0,1.0,SCH-BPRESEC,2VISUAL
SCH-BPRESEC_2VISUAL_035,SCH-BPRESEC_2VISUAL_036,1,0,1.0,SCH-BPRESEC,2VISUAL
SCH-BPRESEC_2VISUAL_035,SCH-BPRESEC_2VISUAL_038,1,0,1.0,SCH-BPRESEC,2VISUAL
SCH-BPRESEC_2VISUAL_035,SCH-BPRESEC_2VISUAL_040,1,0,1.0,SCH-BPRESEC,2VISUAL
SCH-BPRESEC_2VISUAL_036,SCH-BPRESEC_2VISUAL_037,1,0,1.0,SCH-BPRESEC,2VISUAL
SCH-BPRESEC_2VISUAL_036,SCH-BPRESEC_2VISUAL_038,1,0,1.0,SCH-BPRESEC,2VISUAL
SCH-BPRESEC_2VISUAL_036,SCH-BPRESEC_2VISUAL_040,1,0,1.0,SCH-BPRESEC,2VISUAL
SCH-BPRESEC_2VISUAL_037,SCH-BPRESEC_2VISUAL_038,2,1,1.0,SCH-BPRESEC,2VISUAL
SCH-BPRESEC_2VISUAL_037,SCH-BPRESEC_2VISUAL_039,2,1,1.0,SCH-BPRESEC,2VISUAL
SCH-BPRESEC_2VISUAL_037,SCH-BPRESEC_2VISUAL_040,1,0,1.0,SCH-BPRESEC,2VISUAL
SCH-BPRESEC_2VISUAL_038,SCH-BPRESEC_2VISUAL_039,1,0,1.0,SCH-BPRESEC,2VISUAL
SCH-BPRESEC_2VISUAL_039,SCH-BPRESEC_2VISUAL_040,1,0,1.0,SCH-BPRESEC,2VISUAL
SCH-JOY_1ARTS1_001,SCH-JOY_1ARTS1_002,2,1,1.0,SCH-JOY,1ARTS1
SCH-JOY_1ARTS1_001,SCH-JOY_1ARTS1_004,2,1,1.0,SCH-JOY,1ARTS1
SCH-JOY_1ARTS1_001,SCH-JOY_1ARTS1_005,2,1,1.0,SCH-JOY,1ARTS1
SCH-JOY_1ARTS1_001,SCH-JOY_1ARTS1_010,1,0,1.0,SCH-JOY,1ARTS1
SCH-JOY_1ARTS1_001,SCH-JOY_1ARTS1_014,1,0,1.0,SCH-JOY,1ARTS1
SCH-JOY_1ARTS1_001,SCH-JOY_1ARTS1_018,1,0,1.0,SCH-JOY,1ARTS1
SCH-JOY_1ARTS1_001,SCH-JOY_1ARTS1_024,1,0,1.0,SCH-JOY,1ARTS1
SCH-JOY_1ARTS1_001,SCH-JOY_1ARTS1_027,1,0,1.0,SCH-JOY,1ARTS1
SCH-JOY_1ARTS1_001,SCH-JOY_1ARTS1_029,1,0,1.0,SCH-JOY,1ARTS1
SCH-JOY_1ARTS1_001,SCH-JOY_1ARTS1_031,1,0,1.0,SCH-JOY,1ARTS1
SCH-JOY_1ARTS1_001,SCH-JOY_1ARTS1_035,1,0,1.0,SCH-JOY,1ARTS1
SCH-JOY_1ARTS1_002,SCH-JOY_1ARTS1_003,1,0,1.0,SCH-JOY,1ARTS1
SCH-JOY_1ARTS1_002,SCH-JOY_1ARTS1_004,1,0,1.0,SCH-JOY,1ARTS1
SCH-JOY_1ARTS1_002,SCH-JOY_1ARTS1_005,1,0,1.0,SCH-JOY,1ARTS1
SCH-JOY_1ARTS1_002,SCH-JOY_1ARTS1_006,2,1,1.0,SCH-JOY,1ARTS1
SCH-JOY_1ARTS1_002,SCH-JOY_1ARTS1_011,1,0,1.0,SCH-JOY,1ARTS1
SCH-JOY_1ARTS1_002,SCH-JOY_1ARTS1_012,1,0,1.0,SCH-JOY,1ARTS1
SCH-JOY_1ARTS1_002,SCH-JOY_1ARTS1_013,1,0,1.0,SCH-JOY,1ARTS1
SCH-JOY_1ARTS1_002,SCH-JOY_1ARTS1_014,1,0,1.0,SCH-JOY,1ARTS1
SCH-JOY_1ARTS1_002,SCH-JOY_1ARTS1_015,2,1,1.0,SCH-JOY,1ARTS1
SCH-JOY_1ARTS1_002,SCH-JOY_1ARTS1_016,1,0,1.0,SCH-JOY,1ARTS1
SCH-JOY_1ARTS1_002,SCH-JOY_1ARTS1_027,2,1,1.0,SCH-JOY,1ARTS1
SCH-JOY_1ARTS1_003,SCH-JOY_1ARTS1_004,1,0,1.0,SCH-JOY,1ARTS1
SCH-JOY_1ARTS1_003,SCH-JOY_1ARTS1_005,1,0,1.0,SCH-JOY,1ARTS1
SCH-JOY_1ARTS1_003,SCH-JOY_1ARTS1_006,2,1,1.0,SCH-JOY,1ARTS1
SCH-JOY_1ARTS1_003,SCH-JOY_1ARTS1_015,2,1,1.0,SCH-JOY,1ARTS1
SCH-JOY_1ARTS1_003,SCH-JOY_1ARTS1_023,1,0,1.0,SCH-JOY,1ARTS1
SCH-JOY_1ARTS1_003,SCH-JOY_1ARTS1_027,2,1,1.0,SCH-JOY,1ARTS1
SCH-JOY_1ARTS1_004,SCH-JOY_1ARTS1_005,2,1,1.0,SCH-JOY,1ARTS1
SCH-JOY_1ARTS1_004,SCH-JOY_1ARTS1_006,2,1,1.0,SCH-JOY,1ARTS1
SCH-JOY_1ARTS1_005,SCH-JOY_1ARTS1_006,1,0,1.0,SCH-JOY,1ARTS1
SCH-JOY_1ARTS1_005,SCH-JOY_1ARTS1_007,1,0,1.0,SCH-JOY,1ARTS1
SCH-JOY_1ARTS1_005,SCH-JOY_1ARTS1_008,1,0,1.0,SCH-JOY,1ARTS1
SCH-JOY_1ARTS1_005,SCH-JOY_1ARTS1_010,1,0,1.0,SCH-JOY,1ARTS1
SCH-JOY_1ARTS1_005,SCH-JOY_1ARTS1_011,1,0,1.0,SCH-JOY,1ARTS1
SCH-JOY_1ARTS1_005,SCH-JOY_1ARTS1_015,1,0,1.0,SCH-JOY,1ARTS1
SCH-JOY_1ARTS1_005,SCH-JOY_1ARTS1_023,2,1,1.0,SCH-JOY,1ARTS1
SCH-JOY_1ARTS1_005,SCH-JOY_1ARTS1_028,1,0,1.0,SCH-JOY,1ARTS1
SCH-JOY_1ARTS1_006,SCH-JOY_1ARTS1_011,1,0,1.0,SCH-JOY,1ARTS1
SCH-JOY_1ARTS1_006,SCH-JOY_1ARTS1_022,1,0,1.0,SCH-JOY,1ARTS1
SCH-JOY_1ARTS1_006,SCH-JOY_1ARTS1_028,1,0,1.0,SCH-JOY,1ARTS1
SCH-JOY_1ARTS1_007,SCH-JOY_1ARTS1_008,2,1,1.0,SCH-JOY,1ARTS1
SCH-JOY_1ARTS1_007,SCH-JOY_1ARTS1_009,2,1,1.0,SCH-JOY,1ARTS1
SCH-JOY_1ARTS1_007,SCH-JOY_1ARTS1_010,1,0,1.0,SCH-JOY,1ARTS1
SCH-JOY_1ARTS1_007,SCH-JOY_1ARTS1_013,1,0,1.0,SCH-JOY,1ARTS1
SCH-JOY_1ARTS1_007,SCH-JOY_1ARTS1_024,2,1,1.0,SCH-JOY,1ARTS1
SCH-JOY_1ARTS1_007,SCH-JOY_1ARTS1_028,1,0,1.0,SCH-JOY,1ARTS1
SCH-JOY_1ARTS1_008,SCH-JOY_1ARTS1_009,2,1,1.0,SCH-JOY,1ARTS1
SCH-JOY_1ARTS1_008,SCH-JOY_1ARTS1_010,2,1,1.0,SCH-JOY,1ARTS1
SCH-JOY_1ARTS1_008,SCH-JOY_1ARTS1_013,1,0,1.0,SCH-JOY,1ARTS1
SCH-JOY_1ARTS1_008,SCH-JOY_1ARTS1_015,1,0,1.0,SCH-JOY,1ARTS1
SCH-JOY_1ARTS1_008,SCH-JOY_1ARTS1_017,1,0,1.0,SCH-JOY,1ARTS1
SCH-JOY_1ARTS1_008,SCH-JOY_1ARTS1_021,2,1,1.0,SCH-JOY,1ARTS1
SCH-JOY_1ARTS1_008,SCH-JOY_1ARTS1_031,1,0,1.0,SCH-JOY,1ARTS1
SCH-JOY_1ARTS1_009,SCH-JOY_1ARTS1_010,1,0,1.0,SCH-JOY,1ARTS1
SCH-JOY_1ARTS1_009,SCH-JOY_1ARTS1_017,2,1,1.0,SCH-JOY,1ARTS1
SCH-JOY_1ARTS1_009,SCH-JOY_1ARTS1_021,2,1,1.0,SCH-JOY,1ARTS1
SCH-JOY_1ARTS1_010,SCH-JOY_1ARTS1_011,1,0,1.0,SCH-JOY,1ARTS1
SCH-JOY_1ARTS1_010,SCH-JOY_1ARTS1_021,1,0,1.0,SCH-JOY,1ARTS1
SCH-JOY_1ARTS1_010,SCH-JOY_1ARTS1_023,1,0,1.0,SCH-JOY,1ARTS1
SCH-JOY_1ARTS1_011,SCH-JOY_1ARTS1_012,2,1,1.0,SCH-JOY,1ARTS1
SCH-JOY_1ARTS1_011,SCH-JOY_1ARTS1_014,1,0,1.0,SCH-JOY,1ARTS1
SCH-JOY_1ARTS1_011,SCH-JOY_1ARTS1_022,1,0,1.0,SCH-JOY,1ARTS1
SCH-JOY_1ARTS1_011,SCH-JOY_1ARTS1_024,1,0,1.0,SCH-JOY,1ARTS1
SCH-JOY_1ARTS1_011,SCH-JOY_1ARTS1_026,1,0,1.0,SCH-JOY,1ARTS1
SCH-JOY_1ARTS1_012,SCH-JOY_1ARTS1_014,1,0,1.0,SCH-JOY,1ARTS1
SCH-JOY_1ARTS1_012,SCH-JOY_1ARTS1_022,2,1,1.0,SCH-JOY,1ARTS1
SCH-JOY_1ARTS1_012,SCH-JOY_1ARTS1_023,2,1,1.0,SCH-JOY,1ARTS1
SCH-JOY_1ARTS1_012,SCH-JOY_1ARTS1_024,1,0,1.0,SCH-JOY,1ARTS1
SCH-JOY_1ARTS1_013,SCH-JOY_1ARTS1_014,1,0,1.0,SCH-JOY,1ARTS1
SCH-JOY_1ARTS1_013,SCH-JOY_1ARTS1_015,2,1,1.0,SCH-JOY,1ARTS1
SCH-JOY_1ARTS1_013,SCH-JOY_1ARTS1_024,1,0,1.0,SCH-JOY,1ARTS1
SCH-JOY_1ARTS1_013,SCH-JOY_1ARTS1_028,1,0,1.0,SCH-JOY,1ARTS1
SCH-JOY_1ARTS1_014,SCH-JOY_1ARTS1_019,1,0,1.0,SCH-JOY,1ARTS1
SCH-JOY_1ARTS1_015,SCH-JOY_1ARTS1_016,1,0,1.0,SCH-JOY,1ARTS1
SCH-JOY_1ARTS1_016,SCH-JOY_1ARTS1_019,1,0,1.0,SCH-JOY,1ARTS1
SCH-JOY_1ARTS1_016,SCH-JOY_1ARTS1_022,1,0,1.0,SCH-JOY,1ARTS1
SCH-JOY_1ARTS1_016,SCH-JOY_1ARTS1_023,1,0,1.0,SCH-JOY,1ARTS1
SCH-JOY_1ARTS1_016,SCH-JOY_1ARTS1_028,1,0,1.0,SCH-JOY,1ARTS1
SCH-JOY_1ARTS1_017,SCH-JOY_1ARTS1_018,1,0,1.0,SCH-JOY,1ARTS1
SCH-JOY_1ARTS1_017,SCH-JOY_1ARTS1_019,2,1,1.0,SCH-JOY,1ARTS1
SCH-JOY_1ARTS1_017,SCH-JOY_1ARTS1_020,1,0,1.0,SCH-JOY,1ARTS1
SCH-JOY_1ARTS1_017,SCH-JOY_1ARTS1_021,2,1,1.0,SCH-JOY,1ARTS1
SCH-JOY_1ARTS1_017,SCH-JOY_1ARTS1_025,1,0,1.0,SCH-JOY,1ARTS1
SCH-JOY_1ARTS1_018,SCH-JOY_1ARTS1_020,1,0,1.0,SCH-JOY,1ARTS1
SCH-JOY_1ARTS1_018,SCH-JOY_1ARTS1_023,1,0,1.0,SCH-JOY,1ARTS1
SCH-JOY_1ARTS1_018,SCH-JOY_1ARTS1_025,1,0,1.0,SCH-JOY,1ARTS1
SCH-JOY_1ARTS1_018,SCH-JOY_1ARTS1_028,1,0,1.0,SCH-JOY,1ARTS1
SCH-JOY_1ARTS1_018,SCH-JOY_1ARTS1_029,1,0,1.0,SCH-JOY,1ARTS1
SCH-JOY_1ARTS1_019,SCH-JOY_1ARTS1_020,2,1,1.0,SCH-JOY,1ARTS1
SCH-JOY_1ARTS1_019,SCH-JOY_1ARTS1_023,1,0,1.0,SCH-JOY,1ARTS1
SCH-JOY_1ARTS1_020,SCH-JOY_1ARTS1_021,1,0,1.0,SCH-JOY,1ARTS1
SCH-JOY_1ARTS1_020,SCH-JOY_1ARTS1_022,1,0,1.0,SCH-JOY,1ARTS1
SCH-JOY_1ARTS1_020,SCH-JOY_1ARTS1_023,1,0,1.0,SCH-JOY,1ARTS1
SCH-JOY_1ARTS1_020,SCH-JOY_1ARTS1_024,1,0,1.0,SCH-JOY,1ARTS1
SCH-JOY_1ARTS1_020,SCH-JOY_1ARTS1_028,1,0,1.0,SCH-JOY,1ARTS1
SCH-JOY_1ARTS1_020,SCH-JOY_1ARTS1_036,1,0,1.0,SCH-JOY,1ARTS1
SCH-JOY_1ARTS1_021,SCH-JOY_1ARTS1_028,1,0,1.0,SCH-JOY,1ARTS1
SCH-JOY_1ARTS1_021,SCH-JOY_1ARTS1_032,1,0,1.0,SCH-JOY,1ARTS1
SCH-JOY_1ARTS1_021,SCH-JOY_1ARTS1_033,1,0,1.0,SCH-JOY,1ARTS1
SCH-JOY_1ARTS1_021,SCH-JOY_1ARTS1_035,1,0,1.0,SCH-JOY,1ARTS1
SCH-JOY_1ARTS1_021,SCH-JOY_1ARTS1_036,1,0,1.0,SCH-JOY,1ARTS1
SCH-JOY_1ARTS1_021,SCH-JOY_1ARTS1_037,1,0,1.0,SCH-JOY,1ARTS1
SCH-JOY_1ARTS1_022,SCH-JOY_1ARTS1_023,2,1,1.0,SCH-JOY,1ARTS1
SCH-JOY_1ARTS1_022,SCH-JOY_1ARTS1_025,1,0,1.0,SCH-JOY,1ARTS1
SCH-JOY_1ARTS1_022,SCH-JOY_1ARTS1_026,1,0,1.0,SCH-JOY,1ARTS1
SCH-JOY_1ARTS1_022,SCH-JOY_1ARTS1_030,1,0,1.0,SCH-JOY,1ARTS1
SCH-JOY_1ARTS1_022,SCH-JOY_1ARTS1_033,1,0,1.0,SCH-JOY,1ARTS1
SCH-JOY_1ARTS1_022,SCH-JOY_1ARTS1_034,1,0,1.0,SCH-JOY,1ARTS1
SCH-JOY_1ARTS1_023,SCH-JOY_1ARTS1_024,1,0,1.0,SCH-JOY,1ARTS1
SCH-JOY_1ARTS1_023,SCH-JOY_1ARTS1_025,1,0,1.0,SCH-JOY,1ARTS1
SCH-JOY_1ARTS1_023,SCH-JOY_1ARTS1_026,1,0,1.0,SCH-JOY,1ARTS1
SCH-JOY_1ARTS1_023,SCH-JOY_1ARTS1_027,1,0,1.0,SCH-JOY,1ARTS1
SCH-JOY_1ARTS1_023,SCH-JOY_1ARTS1_028,1,0,1.0,SCH-JOY,1ARTS1
SCH-JOY_1ARTS1_023,SCH-JOY_1ARTS1_030,1,0,1.0,SCH-JOY,1ARTS1
SCH-JOY_1ARTS1_023,SCH-JOY_1ARTS1_037,1,0,1.0,SCH-JOY,1ARTS1
SCH-JOY_1ARTS1_024,SCH-JOY_1ARTS1_025,1,0,1.0,SCH-JOY,1ARTS1
SCH-JOY_1ARTS1_024,SCH-JOY_1ARTS1_027,1,0,1.0,SCH-JOY,1ARTS1
SCH-JOY_1ARTS1_024,SCH-JOY_1ARTS1_028,1,0,1.0,SCH-JOY,1ARTS1
SCH-JOY_1ARTS1_024,SCH-JOY_1ARTS1_030,1,0,1.0,SCH-JOY,1ARTS1
SCH-JOY_1ARTS1_024,SCH-JOY_1ARTS1_031,1,0,1.0,SCH-JOY,1ARTS1
SCH-JOY_1ARTS1_024,SCH-JOY_1ARTS1_037,1,0,1.0,SCH-JOY,1ARTS1
SCH-JOY_1ARTS1_024,SCH-JOY_1ARTS1_038,1,0,1.0,SCH-JOY,1ARTS1
SCH-JOY_1ARTS1_025,SCH-JOY_1ARTS1_027,1,0,1.0,SCH-JOY,1ARTS1
SCH-JOY_1ARTS1_025,SCH-JOY_1ARTS1_030,1,0,1.0,SCH-JOY,1ARTS1
SCH-JOY_1ARTS1_025,SCH-JOY_1ARTS1_032,1,0,1.0,SCH-JOY,1ARTS1
SCH-JOY_1ARTS1_025,SCH-JOY_1ARTS1_037,1,0,1.0,SCH-JOY,1ARTS1
SCH-JOY_1ARTS1_026,SCH-JOY_1ARTS1_030,1,0,1.0,SCH-JOY,1ARTS1
SCH-JOY_1ARTS1_026,SCH-JOY_1ARTS1_032,1,0,1.0,SCH-JOY,1ARTS1
SCH-JOY_1ARTS1_026,SCH-JOY_1ARTS1_034,1,0,1.0,SCH-JOY,1ARTS1
SCH-JOY_1ARTS1_027,SCH-JOY_1ARTS1_032,1,0,1.0,SCH-JOY,1ARTS1
SCH-JOY_1ARTS1_028,SCH-JOY_1ARTS1_029,1,0,1.0,SCH-JOY,1ARTS1
SCH-JOY_1ARTS1_028,SCH-JOY_1ARTS1_031,1,0,1.0,SCH-JOY,1ARTS1
SCH-JOY_1ARTS1_028,SCH-JOY_1ARTS1_032,2,1,1.0,SCH-JOY,1ARTS1
SCH-JOY_1ARTS1_028,SCH-JOY_1ARTS1_033,2,1,1.0,SCH-JOY,1ARTS1
SCH-JOY_1ARTS1_029,SCH-JOY_1ARTS1_030,1,0,1.0,SCH-JOY,1ARTS1
SCH-JOY_1ARTS1_029,SCH-JOY_1ARTS1_034,1,0,1.0,SCH-JOY,1ARTS1
SCH-JOY_1ARTS1_029,SCH-JOY_1ARTS1_035,1,0,1.0,SCH-JOY,1ARTS1
SCH-JOY_1ARTS1_030,SCH-JOY_1ARTS1_031,1,0,1.0,SCH-JOY,1ARTS1
SCH-JOY_1ARTS1_030,SCH-JOY_1ARTS1_032,2,1,1.0,SCH-JOY,1ARTS1
SCH-JOY_1ARTS1_030,SCH-JOY_1ARTS1_033,1,0,1.0,SCH-JOY,1ARTS1
SCH-JOY_1ARTS1_030,SCH-JOY_1ARTS1_034,1,0,1.0,SCH-JOY,1ARTS1
SCH-JOY_1ARTS1_030,SCH-JOY_1ARTS1_035,1,0,1.0,SCH-JOY,1ARTS1
SCH-JOY_1ARTS1_030,SCH-JOY_1ARTS1_036,1,0,1.0,SCH-JOY,1ARTS1
SCH-JOY_1ARTS1_030,SCH-JOY_1ARTS1_037,1,0,1.0,SCH-JOY,1ARTS1
SCH-JOY_1ARTS1_030,SCH-JOY_1ARTS1_038,1,0,1.0,SCH-JOY,1ARTS1
SCH-JOY_1ARTS1_030,SCH-JOY_1ARTS1_039,1,0,1.0,SCH-JOY,1ARTS1
SCH-JOY_1ARTS1_031,SCH-JOY_1ARTS1_032,2,1,1.0,SCH-JOY,1ARTS1
SCH-JOY_1ARTS1_031,SCH-JOY_1ARTS1_034,1,0,1.0,SCH-JOY,1ARTS1
SCH-JOY_1ARTS1_031,SCH-JOY_1ARTS1_036,1,0,1.0,SCH-JOY,1ARTS1
SCH-JOY_1ARTS1_032,SCH-JOY_1ARTS1_033,1,0,1.0,SCH-JOY,1ARTS1
SCH-JOY_1ARTS1_032,SCH-JOY_1ARTS1_035,1,0,1.0,SCH-JOY,1ARTS1
SCH-JOY_1ARTS1_032,SCH-JOY_1ARTS1_036,1,0,1.0,SCH-JOY,1ARTS1
SCH-JOY_1ARTS1_032,SCH-JOY_1ARTS1_038,1,0,1.0,SCH-JOY,1ARTS1
SCH-JOY_1ARTS1_032,SCH-JOY_1ARTS1_039,1,0,1.0,SCH-JOY,1ARTS1
SCH-JOY_1ARTS1_033,SCH-JOY_1ARTS1_034,1,0,1.0,SCH-JOY,1ARTS1
SCH-JOY_1ARTS1_033,SCH-JOY_1ARTS1_035,1,0,1.0,SCH-JOY,1ARTS1
SCH-JOY_1ARTS1_034,SCH-JOY_1ARTS1_035,1,0,1.0,SCH-JOY,1ARTS1
SCH-JOY_1ARTS1_034,SCH-JOY_1ARTS1_038,1,0,1.0,SCH-JOY,1ARTS1
SCH-JOY_1ARTS1_034,SCH-JOY_1ARTS1_039,1,0,1.0,SCH-JOY,1ARTS1
SCH-JOY_1ARTS1_035,SCH-JOY_1ARTS1_038,1,0,1.0,SCH-JOY,1ARTS1
SCH-JOY_1ARTS1_035,SCH-JOY_1ARTS1_039,1,0,1.0,SCH-JOY,1ARTS1
SCH-JOY_1ARTS1_037,SCH-JOY_1ARTS1_039,1,0,1.0,SCH-JOY,1ARTS1
SCH-JOY_2ARTS1-A_001,SCH-JOY_2ARTS1-A_002,1,0,1.0,SCH-JOY,2ARTS1-A
SCH-JOY_2ARTS1-A_001,SCH-JOY_2ARTS1-A_007,1,0,1.0,SCH-JOY,2ARTS1-A
SCH-JOY_2ARTS1-A_001,SCH-JOY_2ARTS1-A_009,2,1,1.0,SCH-JOY,2ARTS1-A
SCH-JOY_2ARTS1-A_001,SCH-JOY_2ARTS1-A_011,1,0,1.0,SCH-JOY,2ARTS1-A
SCH-JOY_2ARTS1-A_001,SCH-JOY_2ARTS1-A_019,1,0,1.0,SCH-JOY,2ARTS1-A
SCH-JOY_2ARTS1-A_001,SCH-JOY_2ARTS1-A_025,1,0,1.0,SCH-JOY,2ARTS1-A
SCH-JOY_2ARTS1-A_002,SCH-JOY_2ARTS1-A_005,1,0,1.0,SCH-JOY,2ARTS1-A
SCH-JOY_2ARTS1-A_002,SCH-JOY_2ARTS1-A_014,1,0,1.0,SCH-JOY,2ARTS1-A
SCH-JOY_2ARTS1-A_002,SCH-JOY_2ARTS1-A_024,1,0,1.0,SCH-JOY,2ARTS1-A
SCH-JOY_2ARTS1-A_002,SCH-JOY_2ARTS1-A_025,1,0,1.0,SCH-JOY,2ARTS1-A
SCH-JOY_2ARTS1-A_002,SCH-JOY_2ARTS1-A_026,1,0,1.0,SCH-JOY,2ARTS1-A
SCH-JOY_2ARTS1-A_002,SCH-JOY_2ARTS1-A_027,1,0,1.0,SCH-JOY,2ARTS1-A
SCH-JOY_2ARTS1-A_003,SCH-JOY_2ARTS1-A_005,1,0,1.0,SCH-JOY,2ARTS1-A
SCH-JOY_2ARTS1-A_003,SCH-JOY_2ARTS1-A_008,1,0,1.0,SCH-JOY,2ARTS1-A
SCH-JOY_2ARTS1-A_003,SCH-JOY_2ARTS1-A_014,1,0,1.0,SCH-JOY,2ARTS1-A
SCH-JOY_2ARTS1-A_003,SCH-JOY_2ARTS1-A_015,1,0,1.0,SCH-JOY,2ARTS1-A
SCH-JOY_2ARTS1-A_003,SCH-JOY_2ARTS1-A_018,1,0,1.0,SCH-JOY,2ARTS1-A
SCH-JOY_2ARTS1-A_003,SCH-JOY_2ARTS1-A_023,1,0,1.0,SCH-JOY,2ARTS1-A
SCH-JOY_2ARTS1-A_003,SCH-JOY_2ARTS1-A_026,2,1,1.0,SCH-JOY,2ARTS1-A
SCH-JOY_2ARTS1-A_004,SCH-JOY_2ARTS1-A_006,2,1,1.0,SCH-JOY,2ARTS1-A
SCH-JOY_2ARTS1-A_004,SCH-JOY_2ARTS1-A_008,1,0,1.0,SCH-JOY,2ARTS1-A
SCH-JOY_2ARTS1-A_004,SCH-JOY_2ARTS1-A_017,1,0,1.0,SCH-JOY,2ARTS1-A
SCH-JOY_2ARTS1-A_004,SCH-JOY_2ARTS1-A_018,1,0,1.0,SCH-JOY,2ARTS1-A
SCH-JOY_2ARTS1-A_004,SCH-JOY_2ARTS1-A_021,1,0,1.0,SCH-JOY,2ARTS1-A
SCH-JOY_2ARTS1-A_004,SCH-JOY_2ARTS1-A_027,2,1,1.0,SCH-JOY,2ARTS1-A
SCH-JOY_2ARTS1-A_005,SCH-JOY_2ARTS1-A_006,1,0,1.0,SCH-JOY,2ARTS1-A
SCH-JOY_2ARTS1-A_005,SCH-JOY_2ARTS1-A_007,1,0,1.0,SCH-JOY,2ARTS1-A
SCH-JOY_2ARTS1-A_005,SCH-JOY_2ARTS1-A_010,2,1,1.0,SCH-JOY,2ARTS1-A
SCH-JOY_2ARTS1-A_005,SCH-JOY_2ARTS1-A_011,2,1,1.0,SCH-JOY,2ARTS1-A
SCH-JOY_2ARTS1-A_005,SCH-JOY_2ARTS1-A_013,1,0,1.0,SCH-JOY,2ARTS1-A
SCH-JOY_2ARTS1-A_005,SCH-JOY_2ARTS1-A_018,1,0,1.0,SCH-JOY,2ARTS1-A
SCH-JOY_2ARTS1-A_005,SCH-JOY_2ARTS1-A_020,1,0,1.0,SCH-JOY,2ARTS1-A
SCH-JOY_2ARTS1-A_005,SCH-JOY_2ARTS1-A_027,1,0,1.0,SCH-JOY,2ARTS1-A
SCH-JOY_2ARTS1-A_006,SCH-JOY_2ARTS1-A_008,2,1,1.0,SCH-JOY,2ARTS1-A
SCH-JOY_2ARTS1-A_006,SCH-JOY_2ARTS1-A_010,1,0,1.0,SCH-JOY,2ARTS1-A
SCH-JOY_2ARTS1-A_006,SCH-JOY_2ARTS1-A_017,1,0,1.0,SCH-JOY,2ARTS1-A
SCH-JOY_2ARTS1-A_006,SCH-JOY_2ARTS1-A_026,2,1,1.0,SCH-JOY,2ARTS1-A
SCH-JOY_2ARTS1-A_006,SCH-JOY_2ARTS1-A_027,2,1,1.0,SCH-JOY,2ARTS1-A
SCH-JOY_2ARTS1-A_007,SCH-JOY_2ARTS1-A_009,1,0,1.0,SCH-JOY,2ARTS1-A
SCH-JOY_2ARTS1-A_007,SCH-JOY_2ARTS1-A_010,2,1,1.0,SCH-JOY,2ARTS1-A
SCH-JOY_2ARTS1-A_007,SCH-JOY_2ARTS1-A_027,1,0,1.0,SCH-JOY,2ARTS1-A
SCH-JOY_2ARTS1-A_008,SCH-JOY_2ARTS1-A_009,1,0,1.0,SCH-JOY,2ARTS1-A
SCH-JOY_2ARTS1-A_008,SCH-JOY_2ARTS1-A_010,1,0,1.0,SCH-JOY,2ARTS1-A
SCH-JOY_2ARTS1-A_008,SCH-JOY_2ARTS1-A_014,2,1,1.0,SCH-JOY,2ARTS1-A
SCH-JOY_2ARTS1-A_008,SCH-JOY_2ARTS1-A_021,2,1,1.0,SCH-JOY,2ARTS1-A
SCH-JOY_2ARTS1-A_008,SCH-JOY_2ARTS1-A_027,2,1,1.0,SCH-JOY,2ARTS1-A
SCH-JOY_2ARTS1-A_008,SCH-JOY_2ARTS1-A_028,1,0,1.0,SCH-JOY,2ARTS1-A
SCH-JOY_2ARTS1-A_009,SCH-JOY_2ARTS1-A_010,1,0,1.0,SCH-JOY,2ARTS1-A
SCH-JOY_2ARTS1-A_009,SCH-JOY_2ARTS1-A_017,1,0,1.0,SCH-JOY,2ARTS1-A
SCH-JOY_2ARTS1-A_009,SCH-JOY_2ARTS1-A_024,1,0,1.0,SCH-JOY,2ARTS1-A
SCH-JOY_2ARTS1-A_010,SCH-JOY_2ARTS1-A_011,1,0,1.0,SCH-JOY,2ARTS1-A
SCH-JOY_2ARTS1-A_010,SCH-JOY_2ARTS1-A_012,1,0,1.0,SCH-JOY,2ARTS1-A
SCH-JOY_2ARTS1-A_010,SCH-JOY_2ARTS1-A_013,1,0,1.0,SCH-JOY,2ARTS1-A
SCH-JOY_2ARTS1-A_010,SCH-JOY_2ARTS1-A_026,1,0,1.0,SCH-JOY,2ARTS1-A
SCH-JOY_2ARTS1-A_011,SCH-JOY_2ARTS1-A_012,1,0,1.0,SCH-JOY,2ARTS1-A
SCH-JOY_2ARTS1-A_011,SCH-JOY_2ARTS1-A_013,1,0,1.0,SCH-JOY,2ARTS1-A
SCH-JOY_2ARTS1-A_011,SCH-JOY_2ARTS1-A_027,1,0,1.0,SCH-JOY,2ARTS1-A
SCH-JOY_2ARTS1-A_012,SCH-JOY_2ARTS1-A_013,1,0,1.0,SCH-JOY,2ARTS1-A
SCH-JOY_2ARTS1-A_012,SCH-JOY_2ARTS1-A_014,1,0,1.0,SCH-JOY,2ARTS1-A
SCH-JOY_2ARTS1-A_012,SCH-JOY_2ARTS1-A_015,1,0,1.0,SCH-JOY,2ARTS1-A
SCH-JOY_2ARTS1-A_012,SCH-JOY_2ARTS1-A_020,1,0,1.0,SCH-JOY,2ARTS1-A
SCH-JOY_2ARTS1-A_013,SCH-JOY_2ARTS1-A_014,2,1,1.0,SCH-JOY,2ARTS1-A
SCH-JOY_2ARTS1-A_013,SCH-JOY_2ARTS1-A_019,1,0,1.0,SCH-JOY,2ARTS1-A
SCH-JOY_2ARTS1-A_014,SCH-JOY_2ARTS1-A_016,1,0,1.0,SCH-JOY,2ARTS1-A
SCH-JOY_2ARTS1-A_014,SCH-JOY_2ARTS1-A_019,1,0,1.0,SCH-JOY,2ARTS1-A
SCH-JOY_2ARTS1-A_014,SCH-JOY_2ARTS1-A_023,1,0,1.0,SCH-JOY,2ARTS1-A
SCH-JOY_2ARTS1-A_014,SCH-JOY_2ARTS1-A_024,2,1,1.0,SCH-JOY,2ARTS1-A
SCH-JOY_2ARTS1-A_014,SCH-JOY_2ARTS1-A_027,2,1,1.0,SCH-JOY,2ARTS1-A
SCH-JOY_2ARTS1-A_014,SCH-JOY_2ARTS1-A_028,2,1,1.0,SCH-JOY,2ARTS1-A
SCH-JOY_2ARTS1-A_015,SCH-JOY_2ARTS1-A_016,2,1,1.0,SCH-JOY,2ARTS1-A
SCH-JOY_2ARTS1-A_015,SCH-JOY_2ARTS1-A_017,1,0,1.0,SCH-JOY,2ARTS1-A
SCH-JOY_2ARTS1-A_015,SCH-JOY_2ARTS1-A_018,1,0,1.0,SCH-JOY,2ARTS1-A
SCH-JOY_2ARTS1-A_015,SCH-JOY_2ARTS1-A_022,1,0,1.0,SCH-JOY,2ARTS1-A
SCH-JOY_2ARTS1-A_016,SCH-JOY_2ARTS1-A_017,1,0,1.0,SCH-JOY,2ARTS1-A
SCH-JOY_2ARTS1-A_016,SCH-JOY_2ARTS1-A_018,1,0,1.0,SCH-JOY,2ARTS1-A
SCH-JOY_2ARTS1-A_016,SCH-JOY_2ARTS1-A_019,1,0,1.0,SCH-JOY,2ARTS1-A
SCH-JOY_2ARTS1-A_016,SCH-JOY_2ARTS1-A_021,1,0,1.0,SCH-JOY,2ARTS1-A
SCH-JOY_2ARTS1-A_016,SCH-JOY_2ARTS1-A_026,1,0,1.0,SCH-JOY,2ARTS1-A
SCH-JOY_2ARTS1-A_017,SCH-JOY_2ARTS1-A_018,1,0,1.0,SCH-JOY,2ARTS1-A
SCH-JOY_2ARTS1-A_017,SCH-JOY_2ARTS1-A_020,1,0,1.0,SCH-JOY,2ARTS1-A
SCH-JOY_2ARTS1-A_017,SCH-JOY_2ARTS1-A_021,2,1,1.0,SCH-JOY,2ARTS1-A
SCH-JOY_2ARTS1-A_017,SCH-JOY_2ARTS1-A_022,1,0,1.0,SCH-JOY,2ARTS1-A
SCH-JOY_2ARTS1-A_017,SCH-JOY_2ARTS1-A_023,1,0,1.0,SCH-JOY,2ARTS1-A
SCH-JOY_2ARTS1-A_017,SCH-JOY_2ARTS1-A_024,2,1,1.0,SCH-JOY,2ARTS1-A
SCH-JOY_2ARTS1-A_019,SCH-JOY_2ARTS1-A_020,2,1,1.0,SCH-JOY,2ARTS1-A
SCH-JOY_2ARTS1-A_019,SCH-JOY_2ARTS1-A_021,1,0,1.0,SCH-JOY,2ARTS1-A
SCH-JOY_2ARTS1-A_019,SCH-JOY_2ARTS1-A_023,1,0,1.0,SCH-JOY,2ARTS1-A
SCH-JOY_2ARTS1-A_020,SCH-JOY_2ARTS1-A_023,1,0,1.0,SCH-JOY,2ARTS1-A
SCH-JOY_2ARTS1-A_020,SCH-JOY_2ARTS1-A_027,1,0,1.0,SCH-JOY,2ARTS1-A
SCH-JOY_2ARTS1-A_020,SCH-JOY_2ARTS1-A_029,1,0,1.0,SCH-JOY,2ARTS1-A
SCH-JOY_2ARTS1-A_020,SCH-JOY_2ARTS1-A_030,1,0,1.0,SCH-JOY,2ARTS1-A
SCH-JOY_2ARTS1-A_021,SCH-JOY_2ARTS1-A_022,2,1,1.0,SCH-JOY,2ARTS1-A
SCH-JOY_2ARTS1-A_021,SCH-JOY_2ARTS1-A_023,1,0,1.0,SCH-JOY,2ARTS1-A
SCH-JOY_2ARTS1-A_021,SCH-JOY_2ARTS1-A_024,2,1,1.0,SCH-JOY,2ARTS1-A
SCH-JOY_2ARTS1-A_021,SCH-JOY_2ARTS1-A_027,1,0,1.0,SCH-JOY,2ARTS1-A
SCH-JOY_2ARTS1-A_021,SCH-JOY_2ARTS1-A_029,1,0,1.0,SCH-JOY,2ARTS1-A
SCH-JOY_2ARTS1-A_022,SCH-JOY_2ARTS1-A_023,2,1,1.0,SCH-JOY,2ARTS1-A
SCH-JOY_2ARTS1-A_022,SCH-JOY_2ARTS1-A_024,1,0,1.0,SCH-JOY,2ARTS1-A
SCH-JOY_2ARTS1-A_022,SCH-JOY_2ARTS1-A_026,2,1,1.0,SCH-JOY,2ARTS1-A
SCH-JOY_2ARTS1-A_022,SCH-JOY_2ARTS1-A_028,1,0,1.0,SCH-JOY,2ARTS1-A
SCH-JOY_2ARTS1-A_022,SCH-JOY_2ARTS1-A_029,1,0,1.0,SCH-JOY,2ARTS1-A
SCH-JOY_2ARTS1-A_023,SCH-JOY_2ARTS1-A_024,2,1,1.0,SCH-JOY,2ARTS1-A
SCH-JOY_2ARTS1-A_023,SCH-JOY_2ARTS1-A_025,1,0,1.0,SCH-JOY,2ARTS1-A
SCH-JOY_2ARTS1-A_023,SCH-JOY_2ARTS1-A_026,1,0,1.0,SCH-JOY,2ARTS1-A
SCH-JOY_2ARTS1-A_023,SCH-JOY_2ARTS1-A_027,1,0,1.0,SCH-JOY,2ARTS1-A
SCH-JOY_2ARTS1-A_024,SCH-JOY_2ARTS1-A_025,1,0,1.0,SCH-JOY,2ARTS1-A
SCH-JOY_2ARTS1-A_024,SCH-JOY_2ARTS1-A_026,1,0,1.0,SCH-JOY,2ARTS1-A
SCH-JOY_2ARTS1-A_024,SCH-JOY_2ARTS1-A_028,1,0,1.0,SCH-JOY,2ARTS1-A
SCH-JOY_2ARTS1-A_024,SCH-JOY_2ARTS1-A_030,1,0,1.0,SCH-JOY,2ARTS1-A
SCH-JOY_2ARTS1-A_025,SCH-JOY_2ARTS1-A_026,1,0,1.0,SCH-JOY,2ARTS1-A
SCH-JOY_2ARTS1-A_025,SCH-JOY_2ARTS1-A_027,1,0,1.0,SCH-JOY,2ARTS1-A
SCH-JOY_2ARTS1-A_025,SCH-JOY_2ARTS1-A_028,2,1,1.0,SCH-JOY,2ARTS1-A
SCH-JOY_2ARTS1-A_025,SCH-JOY_2ARTS1-A_030,1,0,1.0,SCH-JOY,2ARTS1-A
SCH-JOY_2ARTS1-A_026,SCH-JOY_2ARTS1-A_027,1,0,1.0,SCH-JOY,2ARTS1-A
SCH-JOY_2ARTS1-A_026,SCH-JOY_2ARTS1-A_028,1,0,1.0,SCH-JOY,2ARTS1-A
SCH-JOY_2ARTS1-A_026,SCH-JOY_2ARTS1-A_030,1,0,1.0,SCH-JOY,2ARTS1-A
SCH-JOY_2ARTS1-A_027,SCH-JOY_2ARTS1-A_028,1,0,1.0,SCH-JOY,2ARTS1-A
SCH-JOY_2ARTS1-A_027,SCH-JOY_2ARTS1-A_029,1,0,1.0,SCH-JOY,2ARTS1-A
SCH-JOY_2ARTS1-A_027,SCH-JOY_2ARTS1-A_030,1,0,1.0,SCH-JOY,2ARTS1-A
SCH-JOY_2ARTS1-A_028,SCH-JOY_2ARTS1-A_029,1,0,1.0,SCH-JOY,2ARTS1-A
SCH-JOY_2ARTS1-B_001,SCH-JOY_2ARTS1-B_002,2,1,1.0,SCH-JOY,2ARTS1-B
SCH-JOY_2ARTS1-B_001,SCH-JOY_2ARTS1-B_007,1,0,1.0,SCH-JOY,2ARTS1-B
SCH-JOY_2ARTS1-B_001,SCH-JOY_2ARTS1-B_009,2,1,1.0,SCH-JOY,2ARTS1-B
SCH-JOY_2ARTS1-B_001,SCH-JOY_2ARTS1-B_010,1,0,1.0,SCH-JOY,2ARTS1-B
SCH-JOY_2ARTS1-B_001,SCH-JOY_2ARTS1-B_012,1,0,1.0,SCH-JOY,2ARTS1-B
SCH-JOY_2ARTS1-B_001,SCH-JOY_2ARTS1-B_021,2,1,1.0,SCH-JOY,2ARTS1-B
SCH-JOY_2ARTS1-B_001,SCH-JOY_2ARTS1-B_022,1,0,1.0,SCH-JOY,2ARTS1-B
SCH-JOY_2ARTS1-B_001,SCH-JOY_2ARTS1-B_024,1,0,1.0,SCH-JOY,2ARTS1-B
SCH-JOY_2ARTS1-B_001,SCH-JOY_2ARTS1-B_026,2,1,1.0,SCH-JOY,2ARTS1-B
SCH-JOY_2ARTS1-B_001,SCH-JOY_2ARTS1-B_027,1,0,1.0,SCH-JOY,2ARTS1-B
SCH-JOY_2ARTS1-B_001,SCH-JOY_2ARTS1-B_029,1,0,1.0,SCH-JOY,2ARTS1-B
SCH-JOY_2ARTS1-B_001,SCH-JOY_2ARTS1-B_033,1,0,1.0,SCH-JOY,2ARTS1-B
SCH-JOY_2ARTS1-B_002,SCH-JOY_2ARTS1-B_003,1,0,1.0,SCH-JOY,2ARTS1-B
SCH-JOY_2ARTS1-B_002,SCH-JOY_2ARTS1-B_005,1,0,1.0,SCH-JOY,2ARTS1-B
SCH-JOY_2ARTS1-B_002,SCH-JOY_2ARTS1-B_006,1,0,1.0,SCH-JOY,2ARTS1-B
SCH-JOY_2ARTS1-B_002,SCH-JOY_2ARTS1-B_008,1,0,1.0,SCH-JOY,2ARTS1-B
SCH-JOY_2ARTS1-B_002,SCH-JOY_2ARTS1-B_009,1,0,1.0,SCH-JOY,2ARTS1-B
SCH-JOY_2ARTS1-B_002,SCH-JOY_2ARTS1-B_010,1,0,1.0,SCH-JOY,2ARTS1-B
SCH-JOY_2ARTS1-B_002,SCH-JOY_2ARTS1-B_011,1,0,1.0,SCH-JOY,2ARTS1-B
SCH-JOY_2ARTS1-B_002,SCH-JOY_2ARTS1-B_012,2,1,1.0,SCH-JOY,2ARTS1-B
SCH-JOY_2ARTS1-B_002,SCH-JOY_2ARTS1-B_013,1,0,1.0,SCH-JOY,2ARTS1-B
SCH-JOY_2ARTS1-B_002,SCH-JOY_2ARTS1-B_014,1,0,1.0,SCH-JOY,2ARTS1-B
SCH-JOY_2ARTS1-B_002,SCH-JOY_2ARTS1-B_015,1,0,1.0,SCH-JOY,2ARTS1-B
SCH-JOY_2ARTS1-B_002,SCH-JOY_2ARTS1-B_016,1,0,1.0,SCH-JOY,2ARTS1-B
SCH-JOY_2ARTS1-B_002,SCH-JOY_2ARTS1-B_018,1,0,1.0,SCH-JOY,2ARTS1-B
SCH-JOY_2ARTS1-B_002,SCH-JOY_2ARTS1-B_019,2,1,1.0,SCH-JOY,2ARTS1-B
SCH-JOY_2ARTS1-B_002,SCH-JOY_2ARTS1-B_020,1,0,1.0,SCH-JOY,2ARTS1-B
SCH-JOY_2ARTS1-B_002,SCH-JOY_2ARTS1-B_021,2,1,1.0,SCH-JOY,2ARTS1-B
SCH-JOY_2ARTS1-B_002,SCH-JOY_2ARTS1-B_022,1,0,1.0,SCH-JOY,2ARTS1-B
SCH-JOY_2ARTS1-B_002,SCH-JOY_2ARTS1-B_026,1,0,1.0,SCH-JOY,2ARTS1-B
SCH-JOY_2ARTS1-B_002,SCH-JOY_2ARTS1-B_031,1,0,1.0,SCH-JOY,2ARTS1-B
SCH-JOY_2ARTS1-B_002,SCH-JOY_2ARTS1-B_032,1,0,1.0,SCH-JOY,2ARTS1-B
SCH-JOY_2ARTS1-B_002,SCH-JOY_2ARTS1-B_034,1,0,1.0,SCH-JOY,2ARTS1-B
SCH-JOY_2ARTS1-B_003,SCH-JOY_2ARTS1-B_004,2,1,1.0,SCH-JOY,2ARTS1-B
SCH-JOY_2ARTS1-B_003,SCH-JOY_2ARTS1-B_005,2,1,1.0,SCH-JOY,2ARTS1-B
SCH-JOY_2ARTS1-B_003,SCH-JOY_2ARTS1-B_006,1,0,1.0,SCH-JOY,2ARTS1-B
SCH-JOY_2ARTS1-B_003,SCH-JOY_2ARTS1-B_007,2,1,1.0,SCH-JOY,2ARTS1-B
SCH-JOY_2ARTS1-B_003,SCH-JOY_2ARTS1-B_026,1,0,1.0,SCH-JOY,2ARTS1-B
SCH-JOY_2ARTS1-B_004,SCH-JOY_2ARTS1-B_007,1,0,1.0,SCH-JOY,2ARTS1-B
SCH-JOY_2ARTS1-B_004,SCH-JOY_2ARTS1-B_008,1,0,1.0,SCH-JOY,2ARTS1-B
SCH-JOY_2ARTS1-B_004,SCH-JOY_2ARTS1-B_022,1,0,1.0,SCH-JOY,2ARTS1-B
SCH-JOY_2ARTS1-B_004,SCH-JOY_2ARTS1-B_023,1,0,1.0,SCH-JOY,2ARTS1-B
SCH-JOY_2ARTS1-B_005,SCH-JOY_2ARTS1-B_007,1,0,1.0,SCH-JOY,2ARTS1-B
SCH-JOY_2ARTS1-B_005,SCH-JOY_2ARTS1-B_021,1,0,1.0,SCH-JOY,2ARTS1-B
SCH-JOY_2ARTS1-B_005,SCH-JOY_2ARTS1-B_026,1,0,1.0,SCH-JOY,2ARTS1-B
SCH-JOY_2ARTS1-B_006,SCH-JOY_2ARTS1-B_007,2,1,1.0,SCH-JOY,2ARTS1-B
SCH-JOY_2ARTS1-B_006,SCH-JOY_2ARTS1-B_008,2,1,1.0,SCH-JOY,2ARTS1-B
SCH-JOY_2ARTS1-B_006,SCH-JOY_2ARTS1-B_012,2,1,1.0,SCH-JOY,2ARTS1-B
SCH-JOY_2ARTS1-B_006,SCH-JOY_2ARTS1-B_033,1,0,1.0,SCH-JOY,2ARTS1-B
SCH-JOY_2ARTS1-B_007,SCH-JOY_2ARTS1-B_008,2,1,1.0,SCH-JOY,2ARTS1-B
SCH-JOY_2ARTS1-B_007,SCH-JOY_2ARTS1-B_012,1,0,1.0,SCH-JOY,2ARTS1-B
SCH-JOY_2ARTS1-B_008,SCH-JOY_2ARTS1-B_012,2,1,1.0,SCH-JOY,2ARTS1-B
SCH-JOY_2ARTS1-B_008,SCH-JOY_2ARTS1-B_019,1,0,1.0,SCH-JOY,2ARTS1-B
SCH-JOY_2ARTS1-B_009,SCH-JOY_2ARTS1-B_019,1,0,1.0,SCH-JOY,2ARTS1-B
SCH-JOY_2ARTS1-B_009,SCH-JOY_2ARTS1-B_020,1,0,1.0,SCH-JOY,2ARTS1-B
SCH-JOY_2ARTS1-B_009,SCH-JOY_2ARTS1-B_021,1,0,1.0,SCH-JOY,2ARTS1-B
SCH-JOY_2ARTS1-B_010,SCH-JOY_2ARTS1-B_012,1,0,1.0,SCH-JOY,2ARTS1-B
SCH-JOY_2ARTS1-B_010,SCH-JOY_2ARTS1-B_017,1,0,1.0,SCH-JOY,2ARTS1-B
SCH-JOY_2ARTS1-B_010,SCH-JOY_2ARTS1-B_023,1,0,1.0,SCH-JOY,2ARTS1-B
SCH-JOY_2ARTS1-B_011,SCH-JOY_2ARTS1-B_013,1,0,1.0,SCH-JOY,2ARTS1-B
SCH-JOY_2ARTS1-B_011,SCH-JOY_2ARTS1-B_017,2,1,1.0,SCH-JOY,2ARTS1-B
SCH-JOY_2ARTS1-B_011,SCH-JOY_2ARTS1-B_021,1,0,1.0,SCH-JOY,2ARTS1-B
SCH-JOY_2ARTS1-B_011,SCH-JOY_2ARTS1-B_025,1,0,1.0,SCH-JOY,2ARTS1-B
SCH-JOY_2ARTS1-B_011,SCH-JOY_2ARTS1-B_030,1,0,1.0,SCH-JOY,2ARTS1-B
SCH-JOY_2ARTS1-B_011,SCH-JOY_2ARTS1-B_032,1,0,1.0,SCH-JOY,2ARTS1-B
SCH-JOY_2ARTS1-B_012,SCH-JOY_2ARTS1-B_013,2,1,1.0,SCH-JOY,2ARTS1-B
SCH-JOY_2ARTS1-B_013,SCH-JOY_2ARTS1-B_014,2,1,1.0,SCH-JOY,2ARTS1-B
SCH-JOY_2ARTS1-B_013,SCH-JOY_2ARTS1-B_015,1,0,1.0,SCH-JOY,2ARTS1-B
SCH-JOY_2ARTS1-B_013,SCH-JOY_2ARTS1-B_016,1,0,1.0,SCH-JOY,2ARTS1-B
SCH-JOY_2ARTS1-B_013,SCH-JOY_2ARTS1-B_017,2,1,1.0,SCH-JOY,2ARTS1-B
SCH-JOY_2ARTS1-B_013,SCH-JOY_2ARTS1-B_028,1,0,1.0,SCH-JOY,2ARTS1-B
SCH-JOY_2ARTS1-B_013,SCH-JOY_2ARTS1-B_029,1,0,1.0,SCH-JOY,2ARTS1-B
SCH-JOY_2ARTS1-B_013,SCH-JOY_2ARTS1-B_030,2,1,1.0,SCH-JOY,2ARTS1-B
SCH-JOY_2ARTS1-B_013,SCH-JOY_2ARTS1-B_034,1,0,1.0,SCH-JOY,2ARTS1-B
SCH-JOY_2ARTS1-B_014,SCH-JOY_2ARTS1-B_015,2,1,1.0,SCH-JOY,2ARTS1-B
SCH-JOY_2ARTS1-B_014,SCH-JOY_2ARTS1-B_016,1,0,1.0,SCH-JOY,2ARTS1-B
SCH-JOY_2ARTS1-B_014,SCH-JOY_2ARTS1-B_017,2,1,1.0,SCH-JOY,2ARTS1-B
SCH-JOY_2ARTS1-B_014,SCH-JOY_2ARTS1-B_023,2,1,1.0,SCH-JOY,2ARTS1-B
SCH-JOY_2ARTS1-B_015,SCH-JOY_2ARTS1-B_016,1,0,1.0,SCH-JOY,2ARTS1-B
SCH-JOY_2ARTS1-B_015,SCH-JOY_2ARTS1-B_017,2,1,1.0,SCH-JOY,2ARTS1-B
SCH-JOY_2ARTS1-B_015,SCH-JOY_2ARTS1-B_020,1,0,1.0,SCH-JOY,2ARTS1-B
SCH-JOY_2ARTS1-B_015,SCH-JOY_2ARTS1-B_021,1,0,1.0,SCH-JOY,2ARTS1-B
SCH-JOY_2ARTS1-B_015,SCH-JOY_2ARTS1-B_033,1,0,1.0,SCH-JOY,2ARTS1-B
SCH-JOY_2ARTS1-B_015,SCH-JOY_2ARTS1-B_034,1,0,1.0,SCH-JOY,2ARTS1-B
SCH-JOY_2ARTS1-B_016,SCH-JOY_2ARTS1-B_017,1,0,1.0,SCH-JOY,2ARTS1-B
SCH-JOY_2ARTS1-B_016,SCH-JOY_2ARTS1-B_021,2,1,1.0,SCH-JOY,2ARTS1-B
SCH-JOY_2ARTS1-B_017,SCH-JOY_2ARTS1-B_018,1,0,1.0,SCH-JOY,2ARTS1-B
SCH-JOY_2ARTS1-B_017,SCH-JOY_2ARTS1-B_022,1,0,1.0,SCH-JOY,2ARTS1-B
SCH-JOY_2ARTS1-B_017,SCH-JOY_2ARTS1-B_032,1,0,1.0,SCH-JOY,2ARTS1-B
SCH-JOY_2ARTS1-B_017,SCH-JOY_2ARTS1-B_034,1,0,1.0,SCH-JOY,2ARTS1-B
SCH-JOY_2ARTS1-B_018,SCH-JOY_2ARTS1-B_019,2,1,1.0,SCH-JOY,2ARTS1-B
SCH-JOY_2ARTS1-B_018,SCH-JOY_2ARTS1-B_020,2,1,1.0,SCH-JOY,2ARTS1-B
SCH-JOY_2ARTS1-B_018,SCH-JOY_2ARTS1-B_021,1,0,1.0,SCH-JOY,2ARTS1-B
SCH-JOY_2ARTS1-B_019,SCH-JOY_2ARTS1-B_020,2,1,1.0,SCH-JOY,2ARTS1-B
SCH-JOY_2ARTS1-B_019,SCH-JOY_2ARTS1-B_021,2,1,1.0,SCH-JOY,2ARTS1-B
SCH-JOY_2ARTS1-B_019,SCH-JOY_2ARTS1-B_023,2,1,1.0,SCH-JOY,2ARTS1-B
SCH-JOY_2ARTS1-B_019,SCH-JOY_2ARTS1-B_033,1,0,1.0,SCH-JOY,2ARTS1-B
SCH-JOY_2ARTS1-B_020,SCH-JOY_2ARTS1-B_021,2,1,1.0,SCH-JOY,2ARTS1-B
SCH-JOY_2ARTS1-B_021,SCH-JOY_2ARTS1-B_022,1,0,1.0,SCH-JOY,2ARTS1-B
SCH-JOY_2ARTS1-B_021,SCH-JOY_2ARTS1-B_023,1,0,1.0,SCH-JOY,2ARTS1-B
SCH-JOY_2ARTS1-B_021,SCH-JOY_2ARTS1-B_024,1,0,1.0,SCH-JOY,2ARTS1-B
SCH-JOY_2ARTS1-B_021,SCH-JOY_2ARTS1-B_026,1,0,1.0,SCH-JOY,2ARTS1-B
SCH-JOY_2ARTS1-B_021,SCH-JOY_2ARTS1-B_027,1,0,1.0,SCH-JOY,2ARTS1-B
SCH-JOY_2ARTS1-B_021,SCH-JOY_2ARTS1-B_030,1,0,1.0,SCH-JOY,2ARTS1-B
SCH-JOY_2ARTS1-B_021,SCH-JOY_2ARTS1-B_031,1,0,1.0,SCH-JOY,2ARTS1-B
SCH-JOY_2ARTS1-B_021,SCH-JOY_2ARTS1-B_032,1,0,1.0,SCH-JOY,2ARTS1-B
SCH-JOY_2ARTS1-B_022,SCH-JOY_2ARTS1-B_024,1,0,1.0,SCH-JOY,2ARTS1-B
SCH-JOY_2ARTS1-B_022,SCH-JOY_2ARTS1-B_025,1,0,1.0,SCH-JOY,2ARTS1-B
SCH-JOY_2ARTS1-B_022,SCH-JOY_2ARTS1-B_029,1,0,1.0,SCH-JOY,2ARTS1-B
SCH-JOY_2ARTS1-B_022,SCH-JOY_2ARTS1-B_031,1,0,1.0,SCH-JOY,2ARTS1-B
SCH-JOY_2ARTS1-B_023,SCH-JOY_2ARTS1-B_024,2,1,1.0,SCH-JOY,2ARTS1-B
SCH-JOY_2ARTS1-B_023,SCH-JOY_2ARTS1-B_025,1,0,1.0,SCH-JOY,2ARTS1-B
SCH-JOY_2ARTS1-B_023,SCH-JOY_2ARTS1-B_031,1,0,1.0,SCH-JOY,2ARTS1-B
SCH-JOY_2ARTS1-B_023,SCH-JOY_2ARTS1-B_034,1,0,1.0,SCH-JOY,2ARTS1-B
SCH-JOY_2ARTS1-B_024,SCH-JOY_2ARTS1-B_025,2,1,1.0,SCH-JOY,2ARTS1-B
SCH-JOY_2ARTS1-B_024,SCH-JOY_2ARTS1-B_026,1,0,1.0,SCH-JOY,2ARTS1-B
SCH-JOY_2ARTS1-B_024,SCH-JOY_2ARTS1-B_028,1,0,1.0,SCH-JOY,2ARTS1-B
SCH-JOY_2ARTS1-B_024,SCH-JOY_2ARTS1-B_035,1,0,1.0,SCH-JOY,2ARTS1-B
SCH-JOY_2ARTS1-B_025,SCH-JOY_2ARTS1-B_026,2,1,1.0,SCH-JOY,2ARTS1-B
SCH-JOY_2ARTS1-B_026,SCH-JOY_2ARTS1-B_027,1,0,1.0,SCH-JOY,2ARTS1-B
SCH-JOY_2ARTS1-B_027,SCH-JOY_2ARTS1-B_028,2,1,1.0,SCH-JOY,2ARTS1-B
SCH-JOY_2ARTS1-B_027,SCH-JOY_2ARTS1-B_029,2,1,1.0,SCH-JOY,2ARTS1-B
SCH-JOY_2ARTS1-B_027,SCH-JOY_2ARTS1-B_030,2,1,1.0,SCH-JOY,2ARTS1-B
SCH-JOY_2ARTS1-B_028,SCH-JOY_2ARTS1-B_029,2,1,1.0,SCH-JOY,2ARTS1-B
SCH-JOY_2ARTS1-B_028,SCH-JOY_2ARTS1-B_030,1,0,1.0,SCH-JOY,2ARTS1-B
SCH-JOY_2ARTS1-B_028,SCH-JOY_2ARTS1-B_031,1,0,1.0,SCH-JOY,2ARTS1-B
SCH-JOY_2ARTS1-B_028,SCH-JOY_2ARTS1-B_035,1,0,1.0,SCH-JOY,2ARTS1-B
SCH-JOY_2ARTS1-B_029,SCH-JOY_2ARTS1-B_030,2,1,1.0,SCH-JOY,2ARTS1-B
SCH-JOY_2ARTS1-B_030,SCH-JOY_2ARTS1-B_031,1,0,1.0,SCH-JOY,2ARTS1-B
SCH-JOY_2ARTS1-B_030,SCH-JOY_2ARTS1-B_032,1,0,1.0,SCH-JOY,2ARTS1-B
SCH-JOY_2ARTS1-B_030,SCH-JOY_2ARTS1-B_035,1,0,1.0,SCH-JOY,2ARTS1-B
SCH-JOY_2ARTS1-B_031,SCH-JOY_2ARTS1-B_033,1,0,1.0,SCH-JOY,2ARTS1-B
SCH-JOY_2ARTS1-B_031,SCH-JOY_2ARTS1-B_035,1,0,1.0,SCH-JOY,2ARTS1-B
SCH-JOY_2HE2_001,SCH-JOY_2HE2_002,2,1,1.0,SCH-JOY,2HE2
SCH-JOY_2HE2_001,SCH-JOY_2HE2_003,2,1,1.0,SCH-JOY,2HE2
SCH-JOY_2HE2_001,SCH-JOY_2HE2_004,2,1,1.0,SCH-JOY,2HE2
SCH-JOY_2HE2_001,SCH-JOY_2HE2_015,2,1,1.0,SCH-JOY,2HE2
SCH-JOY_2HE2_001,SCH-JOY_2HE2_027,1,0,1.0,SCH-JOY,2HE2
SCH-JOY_2HE2_001,SCH-JOY_2HE2_028,1,0,1.0,SCH-JOY,2HE2
SCH-JOY_2HE2_002,SCH-JOY_2HE2_003,2,1,1.0,SCH-JOY,2HE2
SCH-JOY_2HE2_002,SCH-JOY_2HE2_004,2,1,1.0,SCH-JOY,2HE2
SCH-JOY_2HE2_002,SCH-JOY_2HE2_015,2,1,1.0,SCH-JOY,2HE2
SCH-JOY_2HE2_002,SCH-JOY_2HE2_027,1,0,1.0,SCH-JOY,2HE2
SCH-JOY_2HE2_002,SCH-JOY_2HE2_030,1,0,1.0,SCH-JOY,2HE2
SCH-JOY_2HE2_003,SCH-JOY_2HE2_004,2,1,1.0,SCH-JOY,2HE2
SCH-JOY_2HE2_003,SCH-JOY_2HE2_005,1,0,1.0,SCH-JOY,2HE2
SCH-JOY_2HE2_003,SCH-JOY_2HE2_015,1,0,1.0,SCH-JOY,2HE2
SCH-JOY_2HE2_003,SCH-JOY_2HE2_018,1,0,1.0,SCH-JOY,2HE2
SCH-JOY_2HE2_003,SCH-JOY_2HE2_021,2,1,1.0,SCH-JOY,2HE2
SCH-JOY_2HE2_003,SCH-JOY_2HE2_027,1,0,1.0,SCH-JOY,2HE2
SCH-JOY_2HE2_003,SCH-JOY_2HE2_029,1,0,1.0,SCH-JOY,2HE2
SCH-JOY_2HE2_004,SCH-JOY_2HE2_005,1,0,1.0,SCH-JOY,2HE2
SCH-JOY_2HE2_004,SCH-JOY_2HE2_008,2,1,1.0,SCH-JOY,2HE2
SCH-JOY_2HE2_004,SCH-JOY_2HE2_010,1,0,1.0,SCH-JOY,2HE2
SCH-JOY_2HE2_004,SCH-JOY_2HE2_021,2,1,1.0,SCH-JOY,2HE2
SCH-JOY_2HE2_005,SCH-JOY_2HE2_007,1,0,1.0,SCH-JOY,2HE2
SCH-JOY_2HE2_005,SCH-JOY_2HE2_008,2,1,1.0,SCH-JOY,2HE2
SCH-JOY_2HE2_005,SCH-JOY_2HE2_009,1,0,1.0,SCH-JOY,2HE2
SCH-JOY_2HE2_005,SCH-JOY_2HE2_010,1,0,1.0,SCH-JOY,2HE2
SCH-JOY_2HE2_005,SCH-JOY_2HE2_015,1,0,1.0,SCH-JOY,2HE2
SCH-JOY_2HE2_005,SCH-JOY_2HE2_016,1,0,1.0,SCH-JOY,2HE2
SCH-JOY_2HE2_005,SCH-JOY_2HE2_017,1,0,1.0,SCH-JOY,2HE2
SCH-JOY_2HE2_005,SCH-JOY_2HE2_018,1,0,1.0,SCH-JOY,2HE2
SCH-JOY_2HE2_005,SCH-JOY_2HE2_024,1,0,1.0,SCH-JOY,2HE2
SCH-JOY_2HE2_005,SCH-JOY_2HE2_027,1,0,1.0,SCH-JOY,2HE2
SCH-JOY_2HE2_005,SCH-JOY_2HE2_030,1,0,1.0,SCH-JOY,2HE2
SCH-JOY_2HE2_006,SCH-JOY_2HE2_007,1,0,1.0,SCH-JOY,2HE2
SCH-JOY_2HE2_006,SCH-JOY_2HE2_009,1,0,1.0,SCH-JOY,2HE2
SCH-JOY_2HE2_006,SCH-JOY_2HE2_027,1,0,1.0,SCH-JOY,2HE2
SCH-JOY_2HE2_006,SCH-JOY_2HE2_029,1,0,1.0,SCH-JOY,2HE2
SCH-JOY_2HE2_007,SCH-JOY_2HE2_008,2,1,1.0,SCH-JOY,2HE2
SCH-JOY_2HE2_007,SCH-JOY_2HE2_009,1,0,1.0,SCH-JOY,2HE2
SCH-JOY_2HE2_007,SCH-JOY_2HE2_010,1,0,1.0,SCH-JOY,2HE2
SCH-JOY_2HE2_007,SCH-JOY_2HE2_011,1,0,1.0,SCH-JOY,2HE2
SCH-JOY_2HE2_007,SCH-JOY_2HE2_014,1,0,1.0,SCH-JOY,2HE2
SCH-JOY_2HE2_007,SCH-JOY_2HE2_018,1,0,1.0,SCH-JOY,2HE2
SCH-JOY_2HE2_007,SCH-JOY_2HE2_027,1,0,1.0,SCH-JOY,2HE2
SCH-JOY_2HE2_007,SCH-JOY_2HE2_029,2,1,1.0,SCH-JOY,2HE2
SCH-JOY_2HE2_008,SCH-JOY_2HE2_010,1,0,1.0,SCH-JOY,2HE2
SCH-JOY_2HE2_008,SCH-JOY_2HE2_018,2,1,1.0,SCH-JOY,2HE2
SCH-JOY_2HE2_008,SCH-JOY_2HE2_021,1,0,1.0,SCH-JOY,2HE2
SCH-JOY_2HE2_008,SCH-JOY_2HE2_024,1,0,1.0,SCH-JOY,2HE2
SCH-JOY_2HE2_008,SCH-JOY_2HE2_029,1,0,1.0,SCH-JOY,2HE2
SCH-JOY_2HE2_009,SCH-JOY_2HE2_010,2,1,1.0,SCH-JOY,2HE2
SCH-JOY_2HE2_009,SCH-JOY_2HE2_011,1,0,1.0,SCH-JOY,2HE2
SCH-JOY_2HE2_009,SCH-JOY_2HE2_012,1,0,1.0,SCH-JOY,2HE2
SCH-JOY_2HE2_010,SCH-JOY_2HE2_011,1,0,1.0,SCH-JOY,2HE2
SCH-JOY_2HE2_010,SCH-JOY_2HE2_012,1,0,1.0,SCH-JOY,2HE2
SCH-JOY_2HE2_010,SCH-JOY_2HE2_013,1,0,1.0,SCH-JOY,2HE2
SCH-JOY_2HE2_010,SCH-JOY_2HE2_014,1,0,1.0,SCH-JOY,2HE2
SCH-JOY_2HE2_010,SCH-JOY_2HE2_030,1,0,1.0,SCH-JOY,2HE2
SCH-JOY_2HE2_011,SCH-JOY_2HE2_012,2,1,1.0,SCH-JOY,2HE2
SCH-JOY_2HE2_011,SCH-JOY_2HE2_013,1,0,1.0,SCH-JOY,2HE2
SCH-JOY_2HE2_011,SCH-JOY_2HE2_014,2,1,1.0,SCH-JOY,2HE2
SCH-JOY_2HE2_012,SCH-JOY_2HE2_014,2,1,1.0,SCH-JOY,2HE2
SCH-JOY_2HE2_013,SCH-JOY_2HE2_015,1,0,1.0,SCH-JOY,2HE2
SCH-JOY_2HE2_013,SCH-JOY_2HE2_016,1,0,1.0,SCH-JOY,2HE2
SCH-JOY_2HE2_013,SCH-JOY_2HE2_024,2,1,1.0,SCH-JOY,2HE2
SCH-JOY_2HE2_015,SCH-JOY_2HE2_016,1,0,1.0,SCH-JOY,2HE2
SCH-JOY_2HE2_015,SCH-JOY_2HE2_017,2,1,1.0,SCH-JOY,2HE2
SCH-JOY_2HE2_015,SCH-JOY_2HE2_027,2,1,1.0,SCH-JOY,2HE2
SCH-JOY_2HE2_016,SCH-JOY_2HE2_017,2,1,1.0,SCH-JOY,2HE2
SCH-JOY_2HE2_016,SCH-JOY_2HE2_022,2,1,1.0,SCH-JOY,2HE2
SCH-JOY_2HE2_016,SCH-JOY_2HE2_028,1,0,1.0,SCH-JOY,2HE2
SCH-JOY_2HE2_017,SCH-JOY_2HE2_023,2,1,1.0,SCH-JOY,2HE2
SCH-JOY_2HE2_017,SCH-JOY_2HE2_024,2,1,1.0,SCH-JOY,2HE2
SCH-JOY_2HE2_017,SCH-JOY_2HE2_025,1,0,1.0,SCH-JOY,2HE2
SCH-JOY_2HE2_017,SCH-JOY_2HE2_027,2,1,1.0,SCH-JOY,2HE2
SCH-JOY_2HE2_018,SCH-JOY_2HE2_025,1,0,1.0,SCH-JOY,2HE2
SCH-JOY_2HE2_018,SCH-JOY_2HE2_027,2,1,1.0,SCH-JOY,2HE2
SCH-JOY_2HE2_018,SCH-JOY_2HE2_029,2,1,1.0,SCH-JOY,2HE2
SCH-JOY_2HE2_019,SCH-JOY_2HE2_020,2,1,1.0,SCH-JOY,2HE2
SCH-JOY_2HE2_019,SCH-JOY_2HE2_021,1,0,1.0,SCH-JOY,2HE2
SCH-JOY_2HE2_019,SCH-JOY_2HE2_022,2,1,1.0,SCH-JOY,2HE2
SCH-JOY_2HE2_019,SCH-JOY_2HE2_023,1,0,1.0,SCH-JOY,2HE2
SCH-JOY_2HE2_019,SCH-JOY_2HE2_028,1,0,1.0,SCH-JOY,2HE2
SCH-JOY_2HE2_020,SCH-JOY_2HE2_021,2,1,1.0,SCH-JOY,2HE2
SCH-JOY_2HE2_020,SCH-JOY_2HE2_022,1,0,1.0,SCH-JOY,2HE2
SCH-JOY_2HE2_020,SCH-JOY_2HE2_023,2,1,1.0,SCH-JOY,2HE2
SCH-JOY_2HE2_020,SCH-JOY_2HE2_026,1,0,1.0,SCH-JOY,2HE2
SCH-JOY_2HE2_020,SCH-JOY_2HE2_028,2,1,1.0,SCH-JOY,2HE2
SCH-JOY_2HE2_021,SCH-JOY_2HE2_022,2,1,1.0,SCH-JOY,2HE2
SCH-JOY_2HE2_021,SCH-JOY_2HE2_023,2,1,1.0,SCH-JOY,2HE2
SCH-JOY_2HE2_021,SCH-JOY_2HE2_025,1,0,1.0,SCH-JOY,2HE2
SCH-JOY_2HE2_021,SCH-JOY_2HE2_026,1,0,1.0,SCH-JOY,2HE2
SCH-JOY_2HE2_021,SCH-JOY_2HE2_028,1,0,1.0,SCH-JOY,2HE2
SCH-JOY_2HE2_021,SCH-JOY_2HE2_031,1,0,1.0,SCH-JOY,2HE2
SCH-JOY_2HE2_022,SCH-JOY_2HE2_023,1,0,1.0,SCH-JOY,2HE2
SCH-JOY_2HE2_022,SCH-JOY_2HE2_024,1,0,1.0,SCH-JOY,2HE2
SCH-JOY_2HE2_022,SCH-JOY_2HE2_025,1,0,1.0,SCH-JOY,2HE2
SCH-JOY_2HE2_022,SCH-JOY_2HE2_026,1,0,1.0,SCH-JOY,2HE2
SCH-JOY_2HE2_022,SCH-JOY_2HE2_028,2,1,1.0,SCH-JOY,2HE2
SCH-JOY_2HE2_023,SCH-JOY_2HE2_028,1,0,1.0,SCH-JOY,2HE2
SCH-JOY_2HE2_023,SCH-JOY_2HE2_029,1,0,1.0,SCH-JOY,2HE2
SCH-JOY_2HE2_024,SCH-JOY_2HE2_025,1,0,1.0,SCH-JOY,2HE2
SCH-JOY_2HE2_024,SCH-JOY_2HE2_030,1,0,1.0,SCH-JOY,2HE2
SCH-JOY_2HE2_024,SCH-JOY_2HE2_031,1,0,1.0,SCH-JOY,2HE2
SCH-JOY_2HE2_025,SCH-JOY_2HE2_026,1,0,1.0,SCH-JOY,2HE2
SCH-JOY_2HE2_027,SCH-JOY_2HE2_029,2,1,1.0,SCH-JOY,2HE2
SCH-JOY_2HE2_028,SCH-JOY_2HE2_030,1,0,1.0,SCH-JOY,2HE2
SCH-JOY_2HE2_028,SCH-JOY_2HE2_031,1,0,1.0,SCH-JOY,2HE2
SCH-JOY_2HE2_029,SCH-JOY_2HE2_031,1,0,1.0,SCH-JOY,2HE2
SCH-JOY_2HE2_030,SCH-JOY_2HE2_031,1,0,1.0,SCH-JOY,2HE2
SCH-PGIRLS_1 SC1_036,SCH-PGIRLS_1 SC1_037,1,0,1.0,SCH-PGIRLS,1 SC1
SCH-PGIRLS_1 SC1_036,SCH-PGIRLS_1 SC1_040,1,0,1.0,SCH-PGIRLS,1 SC1
SCH-PGIRLS_1 SC1_036,SCH-PGIRLS_1 SC1_042,1,0,1.0,SCH-PGIRLS,1 SC1
SCH-PGIRLS_1 SC1_037,SCH-PGIRLS_1 SC1_038,2,1,1.0,SCH-PGIRLS,1 SC1
SCH-PGIRLS_1 SC1_037,SCH-PGIRLS_1 SC1_042,1,0,1.0,SCH-PGIRLS,1 SC1
SCH-PGIRLS_1 SC1_038,SCH-PGIRLS_1 SC1_039,1,0,1.0,SCH-PGIRLS,1 SC1
SCH-PGIRLS_1 SC1_039,SCH-PGIRLS_1 SC1_041,1,0,1.0,SCH-PGIRLS,1 SC1
SCH-PGIRLS_1 SC1_040,SCH-PGIRLS_1 SC1_042,1,0,1.0,SCH-PGIRLS,1 SC1
SCH-PGIRLS_1 SC1_041,SCH-PGIRLS_1 SC1_042,1,0,1.0,SCH-PGIRLS,1 SC1
SCH-PGIRLS_1ARTS2_008_A,SCH-PGIRLS_1ARTS2_038,1,0,1.0,SCH-PGIRLS,1ARTS2
SCH-PGIRLS_1ARTS2_008_B,SCH-PGIRLS_1ARTS2_038,1,0,1.0,SCH-PGIRLS,1ARTS2
SCH-PGIRLS_1ARTS2_027_A,SCH-PGIRLS_1ARTS2_038,1,0,1.0,SCH-PGIRLS,1ARTS2
SCH-PGIRLS_1ARTS2_027_B,SCH-PGIRLS_1ARTS2_038,1,0,1.0,SCH-PGIRLS,1ARTS2
SCH-PGIRLS_1ARTS2_029_A,SCH-PGIRLS_1ARTS2_040,1,0,1.0,SCH-PGIRLS,1ARTS2
SCH-PGIRLS_1ARTS2_034_A,SCH-PGIRLS_1ARTS2_041,1,0,1.0,SCH-PGIRLS,1ARTS2
SCH-PGIRLS_1ARTS2_037_A,SCH-PGIRLS_1ARTS2_041,1,0,1.0,SCH-PGIRLS,1ARTS2
SCH-PGIRLS_1ARTS2_039,SCH-PGIRLS_1ARTS2_041,2,1,1.0,SCH-PGIRLS,1ARTS2
SCH-PGIRLS_1ARTS2_040,SCH-PGIRLS_1ARTS2_041,2,1,1.0,SCH-PGIRLS,1ARTS2
SCH-PGIRLS_1HE1_001,SCH-PGIRLS_1HE1_002,2,1,1.0,SCH-PGIRLS,1HE1
SCH-PGIRLS_1HE1_001,SCH-PGIRLS_1HE1_003,2,1,1.0,SCH-PGIRLS,1HE1
SCH-PGIRLS_1HE1_001,SCH-PGIRLS_1HE1_006,1,0,1.0,SCH-PGIRLS,1HE1
SCH-PGIRLS_1HE1_001,SCH-PGIRLS_1HE1_008,1,0,1.0,SCH-PGIRLS,1HE1
SCH-PGIRLS_1HE1_001,SCH-PGIRLS_1HE1_009,1,0,1.0,SCH-PGIRLS,1HE1
SCH-PGIRLS_1HE1_001,SCH-PGIRLS_1HE1_010,1,0,1.0,SCH-PGIRLS,1HE1
SCH-PGIRLS_1HE1_001,SCH-PGIRLS_1HE1_017,1,0,1.0,SCH-PGIRLS,1HE1
SCH-PGIRLS_1HE1_001,SCH-PGIRLS_1HE1_018,1,0,1.0,SCH-PGIRLS,1HE1
SCH-PGIRLS_1HE1_001,SCH-PGIRLS_1HE1_022,2,1,1.0,SCH-PGIRLS,1HE1
SCH-PGIRLS_1HE1_001,SCH-PGIRLS_1HE1_023,2,1,1.0,SCH-PGIRLS,1HE1
SCH-PGIRLS_1HE1_001,SCH-PGIRLS_1HE1_025,2,1,1.0,SCH-PGIRLS,1HE1
SCH-PGIRLS_1HE1_001,SCH-PGIRLS_1HE1_027,1,0,1.0,SCH-PGIRLS,1HE1
SCH-PGIRLS_1HE1_002,SCH-PGIRLS_1HE1_003,2,1,1.0,SCH-PGIRLS,1HE1
SCH-PGIRLS_1HE1_002,SCH-PGIRLS_1HE1_004,1,0,1.0,SCH-PGIRLS,1HE1
SCH-PGIRLS_1HE1_002,SCH-PGIRLS_1HE1_005,1,0,1.0,SCH-PGIRLS,1HE1
SCH-PGIRLS_1HE1_002,SCH-PGIRLS_1HE1_007,1,0,1.0,SCH-PGIRLS,1HE1
SCH-PGIRLS_1HE1_002,SCH-PGIRLS_1HE1_009,1,0,1.0,SCH-PGIRLS,1HE1
SCH-PGIRLS_1HE1_002,SCH-PGIRLS_1HE1_010,1,0,1.0,SCH-PGIRLS,1HE1
SCH-PGIRLS_1HE1_002,SCH-PGIRLS_1HE1_022,2,1,1.0,SCH-PGIRLS,1HE1
SCH-PGIRLS_1HE1_002,SCH-PGIRLS_1HE1_025,2,1,1.0,SCH-PGIRLS,1HE1
SCH-PGIRLS_1HE1_002,SCH-PGIRLS_1HE1_028,1,0,1.0,SCH-PGIRLS,1HE1
SCH-PGIRLS_1HE1_002,SCH-PGIRLS_1HE1_030,1,0,1.0,SCH-PGIRLS,1HE1
SCH-PGIRLS_1HE1_003,SCH-PGIRLS_1HE1_004,1,0,1.0,SCH-PGIRLS,1HE1
SCH-PGIRLS_1HE1_003,SCH-PGIRLS_1HE1_005,1,0,1.0,SCH-PGIRLS,1HE1
SCH-PGIRLS_1HE1_003,SCH-PGIRLS_1HE1_011,1,0,1.0,SCH-PGIRLS,1HE1
SCH-PGIRLS_1HE1_003,SCH-PGIRLS_1HE1_013,1,0,1.0,SCH-PGIRLS,1HE1
SCH-PGIRLS_1HE1_003,SCH-PGIRLS_1HE1_015,1,0,1.0,SCH-PGIRLS,1HE1
SCH-PGIRLS_1HE1_003,SCH-PGIRLS_1HE1_020,2,1,1.0,SCH-PGIRLS,1HE1
SCH-PGIRLS_1HE1_003,SCH-PGIRLS_1HE1_021,2,1,1.0,SCH-PGIRLS,1HE1
SCH-PGIRLS_1HE1_003,SCH-PGIRLS_1HE1_022,1,0,1.0,SCH-PGIRLS,1HE1
SCH-PGIRLS_1HE1_003,SCH-PGIRLS_1HE1_028,2,1,1.0,SCH-PGIRLS,1HE1
SCH-PGIRLS_1HE1_003,SCH-PGIRLS_1HE1_030,1,0,1.0,SCH-PGIRLS,1HE1
SCH-PGIRLS_1HE1_004,SCH-PGIRLS_1HE1_005,2,1,1.0,SCH-PGIRLS,1HE1
SCH-PGIRLS_1HE1_004,SCH-PGIRLS_1HE1_010,1,0,1.0,SCH-PGIRLS,1HE1
SCH-PGIRLS_1HE1_004,SCH-PGIRLS_1HE1_011,1,0,1.0,SCH-PGIRLS,1HE1
SCH-PGIRLS_1HE1_004,SCH-PGIRLS_1HE1_017,1,0,1.0,SCH-PGIRLS,1HE1
SCH-PGIRLS_1HE1_004,SCH-PGIRLS_1HE1_023,1,0,1.0,SCH-PGIRLS,1HE1
SCH-PGIRLS_1HE1_004,SCH-PGIRLS_1HE1_025,2,1,1.0,SCH-PGIRLS,1HE1
SCH-PGIRLS_1HE1_004,SCH-PGIRLS_1HE1_026,1,0,1.0,SCH-PGIRLS,1HE1
SCH-PGIRLS_1HE1_005,SCH-PGIRLS_1HE1_006,1,0,1.0,SCH-PGIRLS,1HE1
SCH-PGIRLS_1HE1_005,SCH-PGIRLS_1HE1_007,2,1,1.0,SCH-PGIRLS,1HE1
SCH-PGIRLS_1HE1_005,SCH-PGIRLS_1HE1_021,1,0,1.0,SCH-PGIRLS,1HE1
SCH-PGIRLS_1HE1_006,SCH-PGIRLS_1HE1_007,2,1,1.0,SCH-PGIRLS,1HE1
SCH-PGIRLS_1HE1_006,SCH-PGIRLS_1HE1_008,2,1,1.0,SCH-PGIRLS,1HE1
SCH-PGIRLS_1HE1_006,SCH-PGIRLS_1HE1_009,2,1,1.0,SCH-PGIRLS,1HE1
SCH-PGIRLS_1HE1_006,SCH-PGIRLS_1HE1_010,1,0,1.0,SCH-PGIRLS,1HE1
SCH-PGIRLS_1HE1_006,SCH-PGIRLS_1HE1_011,1,0,1.0,SCH-PGIRLS,1HE1
SCH-PGIRLS_1HE1_007,SCH-PGIRLS_1HE1_008,2,1,1.0,SCH-PGIRLS,1HE1
SCH-PGIRLS_1HE1_007,SCH-PGIRLS_1HE1_009,1,0,1.0,SCH-PGIRLS,1HE1
SCH-PGIRLS_1HE1_007,SCH-PGIRLS_1HE1_010,1,0,1.0,SCH-PGIRLS,1HE1
SCH-PGIRLS_1HE1_007,SCH-PGIRLS_1HE1_011,1,0,1.0,SCH-PGIRLS,1HE1
SCH-PGIRLS_1HE1_008,SCH-PGIRLS_1HE1_009,1,0,1.0,SCH-PGIRLS,1HE1
SCH-PGIRLS_1HE1_008,SCH-PGIRLS_1HE1_018,1,0,1.0,SCH-PGIRLS,1HE1
SCH-PGIRLS_1HE1_009,SCH-PGIRLS_1HE1_010,1,0,1.0,SCH-PGIRLS,1HE1
SCH-PGIRLS_1HE1_009,SCH-PGIRLS_1HE1_018,1,0,1.0,SCH-PGIRLS,1HE1
SCH-PGIRLS_1HE1_010,SCH-PGIRLS_1HE1_011,2,1,1.0,SCH-PGIRLS,1HE1
SCH-PGIRLS_1HE1_011,SCH-PGIRLS_1HE1_015,1,0,1.0,SCH-PGIRLS,1HE1
SCH-PGIRLS_1HE1_011,SCH-PGIRLS_1HE1_026,1,0,1.0,SCH-PGIRLS,1HE1
SCH-PGIRLS_1HE1_013,SCH-PGIRLS_1HE1_019,1,0,1.0,SCH-PGIRLS,1HE1
SCH-PGIRLS_1HE1_013,SCH-PGIRLS_1HE1_024,1,0,1.0,SCH-PGIRLS,1HE1
SCH-PGIRLS_1HE1_014,SCH-PGIRLS_1HE1_015,2,1,1.0,SCH-PGIRLS,1HE1
SCH-PGIRLS_1HE1_014,SCH-PGIRLS_1HE1_016,1,0,1.0,SCH-PGIRLS,1HE1
SCH-PGIRLS_1HE1_014,SCH-PGIRLS_1HE1_030,1,0,1.0,SCH-PGIRLS,1HE1
SCH-PGIRLS_1HE1_014,SCH-PGIRLS_1HE1_033,1,0,1.0,SCH-PGIRLS,1HE1
SCH-PGIRLS_1HE1_015,SCH-PGIRLS_1HE1_016,2,1,1.0,SCH-PGIRLS,1HE1
SCH-PGIRLS_1HE1_015,SCH-PGIRLS_1HE1_034,2,1,1.0,SCH-PGIRLS,1HE1
SCH-PGIRLS_1HE1_016,SCH-PGIRLS_1HE1_017,1,0,1.0,SCH-PGIRLS,1HE1
SCH-PGIRLS_1HE1_016,SCH-PGIRLS_1HE1_018,1,0,1.0,SCH-PGIRLS,1HE1
SCH-PGIRLS_1HE1_016,SCH-PGIRLS_1HE1_019,1,0,1.0,SCH-PGIRLS,1HE1
SCH-PGIRLS_1HE1_016,SCH-PGIRLS_1HE1_030,1,0,1.0,SCH-PGIRLS,1HE1
SCH-PGIRLS_1HE1_016,SCH-PGIRLS_1HE1_034,2,1,1.0,SCH-PGIRLS,1HE1
SCH-PGIRLS_1HE1_017,SCH-PGIRLS_1HE1_020,1,0,1.0,SCH-PGIRLS,1HE1
SCH-PGIRLS_1HE1_017,SCH-PGIRLS_1HE1_028,1,0,1.0,SCH-PGIRLS,1HE1
SCH-PGIRLS_1HE1_017,SCH-PGIRLS_1HE1_034,1,0,1.0,SCH-PGIRLS,1HE1
SCH-PGIRLS_1HE1_018,SCH-PGIRLS_1HE1_019,2,1,1.0,SCH-PGIRLS,1HE1
SCH-PGIRLS_1HE1_018,SCH-PGIRLS_1HE1_020,1,0,1.0,SCH-PGIRLS,1HE1
SCH-PGIRLS_1HE1_018,SCH-PGIRLS_1HE1_031,1,0,1.0,SCH-PGIRLS,1HE1
SCH-PGIRLS_1HE1_018,SCH-PGIRLS_1HE1_034,1,0,1.0,SCH-PGIRLS,1HE1
SCH-PGIRLS_1HE1_019,SCH-PGIRLS_1HE1_024,1,0,1.0,SCH-PGIRLS,1HE1
SCH-PGIRLS_1HE1_019,SCH-PGIRLS_1HE1_028,1,0,1.0,SCH-PGIRLS,1HE1
SCH-PGIRLS_1HE1_019,SCH-PGIRLS_1HE1_029,1,0,1.0,SCH-PGIRLS,1HE1
SCH-PGIRLS_1HE1_020,SCH-PGIRLS_1HE1_021,2,1,1.0,SCH-PGIRLS,1HE1
SCH-PGIRLS_1HE1_020,SCH-PGIRLS_1HE1_023,2,1,1.0,SCH-PGIRLS,1HE1
SCH-PGIRLS_1HE1_020,SCH-PGIRLS_1HE1_024,2,1,1.0,SCH-PGIRLS,1HE1
SCH-PGIRLS_1HE1_020,SCH-PGIRLS_1HE1_025,1,0,1.0,SCH-PGIRLS,1HE1
SCH-PGIRLS_1HE1_021,SCH-PGIRLS_1HE1_022,2,1,1.0,SCH-PGIRLS,1HE1
SCH-PGIRLS_1HE1_021,SCH-PGIRLS_1HE1_023,2,1,1.0,SCH-PGIRLS,1HE1
SCH-PGIRLS_1HE1_021,SCH-PGIRLS_1HE1_029,1,0,1.0,SCH-PGIRLS,1HE1
SCH-PGIRLS_1HE1_022,SCH-PGIRLS_1HE1_024,2,1,1.0,SCH-PGIRLS,1HE1
SCH-PGIRLS_1HE1_022,SCH-PGIRLS_1HE1_028,1,0,1.0,SCH-PGIRLS,1HE1
SCH-PGIRLS_1HE1_023,SCH-PGIRLS_1HE1_024,1,0,1.0,SCH-PGIRLS,1HE1
SCH-PGIRLS_1HE1_023,SCH-PGIRLS_1HE1_025,1,0,1.0,SCH-PGIRLS,1HE1
SCH-PGIRLS_1HE1_024,SCH-PGIRLS_1HE1_025,1,0,1.0,SCH-PGIRLS,1HE1
SCH-PGIRLS_1HE1_024,SCH-PGIRLS_1HE1_026,1,0,1.0,SCH-PGIRLS,1HE1
SCH-PGIRLS_1HE1_024,SCH-PGIRLS_1HE1_028,1,0,1.0,SCH-PGIRLS,1HE1
SCH-PGIRLS_1HE1_024,SCH-PGIRLS_1HE1_029,1,0,1.0,SCH-PGIRLS,1HE1
SCH-PGIRLS_1HE1_024,SCH-PGIRLS_1HE1_033,2,1,1.0,SCH-PGIRLS,1HE1
SCH-PGIRLS_1HE1_025,SCH-PGIRLS_1HE1_029,1,0,1.0,SCH-PGIRLS,1HE1
SCH-PGIRLS_1HE1_025,SCH-PGIRLS_1HE1_033,2,1,1.0,SCH-PGIRLS,1HE1
SCH-PGIRLS_1HE1_026,SCH-PGIRLS_1HE1_027,2,1,1.0,SCH-PGIRLS,1HE1
SCH-PGIRLS_1HE1_026,SCH-PGIRLS_1HE1_030,1,0,1.0,SCH-PGIRLS,1HE1
SCH-PGIRLS_1HE1_026,SCH-PGIRLS_1HE1_034,1,0,1.0,SCH-PGIRLS,1HE1
SCH-PGIRLS_1HE1_027,SCH-PGIRLS_1HE1_028,1,0,1.0,SCH-PGIRLS,1HE1
SCH-PGIRLS_1HE1_027,SCH-PGIRLS_1HE1_030,1,0,1.0,SCH-PGIRLS,1HE1
SCH-PGIRLS_1HE1_027,SCH-PGIRLS_1HE1_032,1,0,1.0,SCH-PGIRLS,1HE1
SCH-PGIRLS_1HE1_028,SCH-PGIRLS_1HE1_029,1,0,1.0,SCH-PGIRLS,1HE1
SCH-PGIRLS_1HE1_028,SCH-PGIRLS_1HE1_030,2,1,1.0,SCH-PGIRLS,1HE1
SCH-PGIRLS_1HE1_028,SCH-PGIRLS_1HE1_031,1,0,1.0,SCH-PGIRLS,1HE1
SCH-PGIRLS_1HE1_028,SCH-PGIRLS_1HE1_032,1,0,1.0,SCH-PGIRLS,1HE1
SCH-PGIRLS_1HE1_028,SCH-PGIRLS_1HE1_033,1,0,1.0,SCH-PGIRLS,1HE1
SCH-PGIRLS_1HE1_029,SCH-PGIRLS_1HE1_030,2,1,1.0,SCH-PGIRLS,1HE1
SCH-PGIRLS_1HE1_029,SCH-PGIRLS_1HE1_031,2,1,1.0,SCH-PGIRLS,1HE1
SCH-PGIRLS_1HE1_029,SCH-PGIRLS_1HE1_032,1,0,1.0,SCH-PGIRLS,1HE1
SCH-PGIRLS_1HE1_030,SCH-PGIRLS_1HE1_031,1,0,1.0,SCH-PGIRLS,1HE1
SCH-PGIRLS_1HE1_030,SCH-PGIRLS_1HE1_032,1,0,1.0,SCH-PGIRLS,1HE1
SCH-PGIRLS_1HE1_030,SCH-PGIRLS_1HE1_033,2,1,1.0,SCH-PGIRLS,1HE1
SCH-PGIRLS_1HE1_031,SCH-PGIRLS_1HE1_032,2,1,1.0,SCH-PGIRLS,1HE1
SCH-PGIRLS_1HE1_031,SCH-PGIRLS_1HE1_033,1,0,1.0,SCH-PGIRLS,1HE1
SCH-PGIRLS_1HE1_032,SCH-PGIRLS_1HE1_033,1,0,1.0,SCH-PGIRLS,1HE1
SCH-PGIRLS_1SC1_001,SCH-PGIRLS_1SC1_002,1,0,1.0,SCH-PGIRLS,1SC1
SCH-PGIRLS_1SC1_001,SCH-PGIRLS_1SC1_007,1,0,1.0,SCH-PGIRLS,1SC1
SCH-PGIRLS_1SC1_001,SCH-PGIRLS_1SC1_009,1,0,1.0,SCH-PGIRLS,1SC1
SCH-PGIRLS_1SC1_001,SCH-PGIRLS_1SC1_010,1,0,1.0,SCH-PGIRLS,1SC1
SCH-PGIRLS_1SC1_001,SCH-PGIRLS_1SC1_013,1,0,1.0,SCH-PGIRLS,1SC1
SCH-PGIRLS_1SC1_001,SCH-PGIRLS_1SC1_023,1,0,1.0,SCH-PGIRLS,1SC1
SCH-PGIRLS_1SC1_002,SCH-PGIRLS_1SC1_003,2,1,1.0,SCH-PGIRLS,1SC1
SCH-PGIRLS_1SC1_002,SCH-PGIRLS_1SC1_004,1,0,1.0,SCH-PGIRLS,1SC1
SCH-PGIRLS_1SC1_002,SCH-PGIRLS_1SC1_005,1,0,1.0,SCH-PGIRLS,1SC1
SCH-PGIRLS_1SC1_002,SCH-PGIRLS_1SC1_006,1,0,1.0,SCH-PGIRLS,1SC1
SCH-PGIRLS_1SC1_002,SCH-PGIRLS_1SC1_008,1,0,1.0,SCH-PGIRLS,1SC1
SCH-PGIRLS_1SC1_002,SCH-PGIRLS_1SC1_009,1,0,1.0,SCH-PGIRLS,1SC1
SCH-PGIRLS_1SC1_002,SCH-PGIRLS_1SC1_020,2,1,1.0,SCH-PGIRLS,1SC1
SCH-PGIRLS_1SC1_003,SCH-PGIRLS_1SC1_004,1,0,1.0,SCH-PGIRLS,1SC1
SCH-PGIRLS_1SC1_003,SCH-PGIRLS_1SC1_005,1,0,1.0,SCH-PGIRLS,1SC1
SCH-PGIRLS_1SC1_003,SCH-PGIRLS_1SC1_007,1,0,1.0,SCH-PGIRLS,1SC1
SCH-PGIRLS_1SC1_003,SCH-PGIRLS_1SC1_009,1,0,1.0,SCH-PGIRLS,1SC1
SCH-PGIRLS_1SC1_003,SCH-PGIRLS_1SC1_013,1,0,1.0,SCH-PGIRLS,1SC1
SCH-PGIRLS_1SC1_003,SCH-PGIRLS_1SC1_014,1,0,1.0,SCH-PGIRLS,1SC1
SCH-PGIRLS_1SC1_003,SCH-PGIRLS_1SC1_015,2,1,1.0,SCH-PGIRLS,1SC1
SCH-PGIRLS_1SC1_003,SCH-PGIRLS_1SC1_020,1,0,1.0,SCH-PGIRLS,1SC1
SCH-PGIRLS_1SC1_003,SCH-PGIRLS_1SC1_030,1,0,1.0,SCH-PGIRLS,1SC1
SCH-PGIRLS_1SC1_004,SCH-PGIRLS_1SC1_005,1,0,1.0,SCH-PGIRLS,1SC1
SCH-PGIRLS_1SC1_004,SCH-PGIRLS_1SC1_006,1,0,1.0,SCH-PGIRLS,1SC1
SCH-PGIRLS_1SC1_004,SCH-PGIRLS_1SC1_010,1,0,1.0,SCH-PGIRLS,1SC1
SCH-PGIRLS_1SC1_004,SCH-PGIRLS_1SC1_011,1,0,1.0,SCH-PGIRLS,1SC1
SCH-PGIRLS_1SC1_004,SCH-PGIRLS_1SC1_012,1,0,1.0,SCH-PGIRLS,1SC1
SCH-PGIRLS_1SC1_005,SCH-PGIRLS_1SC1_006,1,0,1.0,SCH-PGIRLS,1SC1
SCH-PGIRLS_1SC1_005,SCH-PGIRLS_1SC1_030,2,1,1.0,SCH-PGIRLS,1SC1
SCH-PGIRLS_1SC1_006,SCH-PGIRLS_1SC1_008,1,0,1.0,SCH-PGIRLS,1SC1
SCH-PGIRLS_1SC1_006,SCH-PGIRLS_1SC1_010,2,1,1.0,SCH-PGIRLS,1SC1
SCH-PGIRLS_1SC1_006,SCH-PGIRLS_1SC1_011,1,0,1.0,SCH-PGIRLS,1SC1
SCH-PGIRLS_1SC1_006,SCH-PGIRLS_1SC1_020,2,1,1.0,SCH-PGIRLS,1SC1
SCH-PGIRLS_1SC1_006,SCH-PGIRLS_1SC1_024,1,0,1.0,SCH-PGIRLS,1SC1
SCH-PGIRLS_1SC1_006,SCH-PGIRLS_1SC1_027,2,1,1.0,SCH-PGIRLS,1SC1
SCH-PGIRLS_1SC1_007,SCH-PGIRLS_1SC1_008,1,0,1.0,SCH-PGIRLS,1SC1
SCH-PGIRLS_1SC1_007,SCH-PGIRLS_1SC1_010,1,0,1.0,SCH-PGIRLS,1SC1
SCH-PGIRLS_1SC1_007,SCH-PGIRLS_1SC1_011,1,0,1.0,SCH-PGIRLS,1SC1
SCH-PGIRLS_1SC1_007,SCH-PGIRLS_1SC1_012,1,0,1.0,SCH-PGIRLS,1SC1
SCH-PGIRLS_1SC1_007,SCH-PGIRLS_1SC1_013,1,0,1.0,SCH-PGIRLS,1SC1
SCH-PGIRLS_1SC1_008,SCH-PGIRLS_1SC1_010,1,0,1.0,SCH-PGIRLS,1SC1
SCH-PGIRLS_1SC1_008,SCH-PGIRLS_1SC1_027,1,0,1.0,SCH-PGIRLS,1SC1
SCH-PGIRLS_1SC1_008,SCH-PGIRLS_1SC1_028,1,0,1.0,SCH-PGIRLS,1SC1
SCH-PGIRLS_1SC1_010,SCH-PGIRLS_1SC1_011,2,1,1.0,SCH-PGIRLS,1SC1
SCH-PGIRLS_1SC1_010,SCH-PGIRLS_1SC1_012,2,1,1.0,SCH-PGIRLS,1SC1
SCH-PGIRLS_1SC1_010,SCH-PGIRLS_1SC1_013,2,1,1.0,SCH-PGIRLS,1SC1
SCH-PGIRLS_1SC1_010,SCH-PGIRLS_1SC1_015,1,0,1.0,SCH-PGIRLS,1SC1
SCH-PGIRLS_1SC1_010,SCH-PGIRLS_1SC1_020,1,0,1.0,SCH-PGIRLS,1SC1
SCH-PGIRLS_1SC1_011,SCH-PGIRLS_1SC1_012,2,1,1.0,SCH-PGIRLS,1SC1
SCH-PGIRLS_1SC1_011,SCH-PGIRLS_1SC1_013,2,1,1.0,SCH-PGIRLS,1SC1
SCH-PGIRLS_1SC1_012,SCH-PGIRLS_1SC1_013,2,1,1.0,SCH-PGIRLS,1SC1
SCH-PGIRLS_1SC1_013,SCH-PGIRLS_1SC1_014,1,0,1.0,SCH-PGIRLS,1SC1
SCH-PGIRLS_1SC1_013,SCH-PGIRLS_1SC1_015,1,0,1.0,SCH-PGIRLS,1SC1
SCH-PGIRLS_1SC1_013,SCH-PGIRLS_1SC1_021,1,0,1.0,SCH-PGIRLS,1SC1
SCH-PGIRLS_1SC1_013,SCH-PGIRLS_1SC1_023,1,0,1.0,SCH-PGIRLS,1SC1
SCH-PGIRLS_1SC1_014,SCH-PGIRLS_1SC1_015,1,0,1.0,SCH-PGIRLS,1SC1
SCH-PGIRLS_1SC1_014,SCH-PGIRLS_1SC1_016,2,1,1.0,SCH-PGIRLS,1SC1
SCH-PGIRLS_1SC1_014,SCH-PGIRLS_1SC1_017,1,0,1.0,SCH-PGIRLS,1SC1
SCH-PGIRLS_1SC1_014,SCH-PGIRLS_1SC1_018,1,0,1.0,SCH-PGIRLS,1SC1
SCH-PGIRLS_1SC1_014,SCH-PGIRLS_1SC1_028,1,0,1.0,SCH-PGIRLS,1SC1
SCH-PGIRLS_1SC1_014,SCH-PGIRLS_1SC1_034,1,0,1.0,SCH-PGIRLS,1SC1
SCH-PGIRLS_1SC1_015,SCH-PGIRLS_1SC1_016,1,0,1.0,SCH-PGIRLS,1SC1
SCH-PGIRLS_1SC1_015,SCH-PGIRLS_1SC1_019,1,0,1.0,SCH-PGIRLS,1SC1
SCH-PGIRLS_1SC1_015,SCH-PGIRLS_1SC1_021,1,0,1.0,SCH-PGIRLS,1SC1
SCH-PGIRLS_1SC1_016,SCH-PGIRLS_1SC1_017,2,1,1.0,SCH-PGIRLS,1SC1
SCH-PGIRLS_1SC1_016,SCH-PGIRLS_1SC1_018,2,1,1.0,SCH-PGIRLS,1SC1
SCH-PGIRLS_1SC1_016,SCH-PGIRLS_1SC1_019,2,1,1.0,SCH-PGIRLS,1SC1
SCH-PGIRLS_1SC1_016,SCH-PGIRLS_1SC1_021,1,0,1.0,SCH-PGIRLS,1SC1
SCH-PGIRLS_1SC1_017,SCH-PGIRLS_1SC1_018,2,1,1.0,SCH-PGIRLS,1SC1
SCH-PGIRLS_1SC1_017,SCH-PGIRLS_1SC1_019,2,1,1.0,SCH-PGIRLS,1SC1
SCH-PGIRLS_1SC1_017,SCH-PGIRLS_1SC1_024,1,0,1.0,SCH-PGIRLS,1SC1
SCH-PGIRLS_1SC1_017,SCH-PGIRLS_1SC1_027,1,0,1.0,SCH-PGIRLS,1SC1
SCH-PGIRLS_1SC1_017,SCH-PGIRLS_1SC1_029,1,0,1.0,SCH-PGIRLS,1SC1
SCH-PGIRLS_1SC1_018,SCH-PGIRLS_1SC1_019,2,1,1.0,SCH-PGIRLS,1SC1
SCH-PGIRLS_1SC1_018,SCH-PGIRLS_1SC1_025,1,0,1.0,SCH-PGIRLS,1SC1
SCH-PGIRLS_1SC1_019,SCH-PGIRLS_1SC1_025,1,0,1.0,SCH-PGIRLS,1SC1
SCH-PGIRLS_1SC1_019,SCH-PGIRLS_1SC1_035,2,1,1.0,SCH-PGIRLS,1SC1
SCH-PGIRLS_1SC1_020,SCH-PGIRLS_1SC1_022,1,0,1.0,SCH-PGIRLS,1SC1
SCH-PGIRLS_1SC1_020,SCH-PGIRLS_1SC1_025,2,1,1.0,SCH-PGIRLS,1SC1
SCH-PGIRLS_1SC1_021,SCH-PGIRLS_1SC1_023,1,0,1.0,SCH-PGIRLS,1SC1
SCH-PGIRLS_1SC1_021,SCH-PGIRLS_1SC1_024,1,0,1.0,SCH-PGIRLS,1SC1
SCH-PGIRLS_1SC1_022,SCH-PGIRLS_1SC1_023,1,0,1.0,SCH-PGIRLS,1SC1
SCH-PGIRLS_1SC1_022,SCH-PGIRLS_1SC1_024,1,0,1.0,SCH-PGIRLS,1SC1
SCH-PGIRLS_1SC1_022,SCH-PGIRLS_1SC1_025,2,1,1.0,SCH-PGIRLS,1SC1
SCH-PGIRLS_1SC1_022,SCH-PGIRLS_1SC1_027,1,0,1.0,SCH-PGIRLS,1SC1
SCH-PGIRLS_1SC1_022,SCH-PGIRLS_1SC1_028,1,0,1.0,SCH-PGIRLS,1SC1
SCH-PGIRLS_1SC1_022,SCH-PGIRLS_1SC1_031,1,0,1.0,SCH-PGIRLS,1SC1
SCH-PGIRLS_1SC1_022,SCH-PGIRLS_1SC1_032,1,0,1.0,SCH-PGIRLS,1SC1
SCH-PGIRLS_1SC1_022,SCH-PGIRLS_1SC1_033,2,1,1.0,SCH-PGIRLS,1SC1
SCH-PGIRLS_1SC1_022,SCH-PGIRLS_1SC1_034,2,1,1.0,SCH-PGIRLS,1SC1
SCH-PGIRLS_1SC1_023,SCH-PGIRLS_1SC1_025,1,0,1.0,SCH-PGIRLS,1SC1
SCH-PGIRLS_1SC1_023,SCH-PGIRLS_1SC1_028,1,0,1.0,SCH-PGIRLS,1SC1
SCH-PGIRLS_1SC1_023,SCH-PGIRLS_1SC1_030,1,0,1.0,SCH-PGIRLS,1SC1
SCH-PGIRLS_1SC1_023,SCH-PGIRLS_1SC1_031,1,0,1.0,SCH-PGIRLS,1SC1
SCH-PGIRLS_1SC1_023,SCH-PGIRLS_1SC1_032,2,1,1.0,SCH-PGIRLS,1SC1
SCH-PGIRLS_1SC1_023,SCH-PGIRLS_1SC1_033,2,1,1.0,SCH-PGIRLS,1SC1
SCH-PGIRLS_1SC1_024,SCH-PGIRLS_1SC1_025,1,0,1.0,SCH-PGIRLS,1SC1
SCH-PGIRLS_1SC1_024,SCH-PGIRLS_1SC1_029,2,1,1.0,SCH-PGIRLS,1SC1
SCH-PGIRLS_1SC1_024,SCH-PGIRLS_1SC1_030,1,0,1.0,SCH-PGIRLS,1SC1
SCH-PGIRLS_1SC1_024,SCH-PGIRLS_1SC1_035,1,0,1.0,SCH-PGIRLS,1SC1
SCH-PGIRLS_1SC1_025,SCH-PGIRLS_1SC1_026,1,0,1.0,SCH-PGIRLS,1SC1
SCH-PGIRLS_1SC1_025,SCH-PGIRLS_1SC1_028,1,0,1.0,SCH-PGIRLS,1SC1
SCH-PGIRLS_1SC1_025,SCH-PGIRLS_1SC1_031,2,1,1.0,SCH-PGIRLS,1SC1
SCH-PGIRLS_1SC1_025,SCH-PGIRLS_1SC1_032,1,0,1.0,SCH-PGIRLS,1SC1
SCH-PGIRLS_1SC1_025,SCH-PGIRLS_1SC1_033,2,1,1.0,SCH-PGIRLS,1SC1
SCH-PGIRLS_1SC1_026,SCH-PGIRLS_1SC1_031,1,0,1.0,SCH-PGIRLS,1SC1
SCH-PGIRLS_1SC1_026,SCH-PGIRLS_1SC1_032,1,0,1.0,SCH-PGIRLS,1SC1
SCH-PGIRLS_1SC1_026,SCH-PGIRLS_1SC1_034,1,0,1.0,SCH-PGIRLS,1SC1
SCH-PGIRLS_1SC1_027,SCH-PGIRLS_1SC1_028,2,1,1.0,SCH-PGIRLS,1SC1
SCH-PGIRLS_1SC1_027,SCH-PGIRLS_1SC1_031,1,0,1.0,SCH-PGIRLS,1SC1
SCH-PGIRLS_1SC1_027,SCH-PGIRLS_1SC1_034,2,1,1.0,SCH-PGIRLS,1SC1
SCH-PGIRLS_1SC1_029,SCH-PGIRLS_1SC1_030,2,1,1.0,SCH-PGIRLS,1SC1
SCH-PGIRLS_1SC1_029,SCH-PGIRLS_1SC1_035,2,1,1.0,SCH-PGIRLS,1SC1
SCH-PGIRLS_1SC1_031,SCH-PGIRLS_1SC1_032,2,1,1.0,SCH-PGIRLS,1SC1
SCH-PGIRLS_1SC1_031,SCH-PGIRLS_1SC1_033,2,1,1.0,SCH-PGIRLS,1SC1
SCH-PGIRLS_1SC1_031,SCH-PGIRLS_1SC1_034,1,0,1.0,SCH-PGIRLS,1SC1
SCH-PGIRLS_1SC1_032,SCH-PGIRLS_1SC1_033,1,0,1.0,SCH-PGIRLS,1SC1
SCH-PGIRLS_1SC1_033,SCH-PGIRLS_1SC1_034,2,1,1.0,SCH-PGIRLS,1SC1
